Survived,Pclass,Sex,Age,SibSp,Parch,Fare,Embarked_C,Embarked_Q,Embarked_S
0,3,0,-0.5657364610748746,0.4327933656785018,-0.4736736092984604,-0.5024451714361923,False,False,True
1,3,1,-0.2583370877897099,-0.47454519624983954,-0.4736736092984604,-0.4888542575852486,False,False,True
1,1,1,0.4333115021019107,0.4327933656785018,-0.4736736092984604,0.4207302360686478,False,False,True
0,3,0,0.4333115021019107,-0.47454519624983954,-0.4736736092984604,-0.4863374216869257,False,False,True
0,3,0,-0.10463740114712752,-0.47454519624983954,-0.4736736092984604,-0.47811642890864375,False,True,False
0,1,0,1.893458525206443,-0.47454519624983954,-0.4736736092984604,0.395813560675251,False,False,True
1,3,1,-0.1814872444684187,-0.47454519624983954,2.0089333664952354,-0.4242561406845337,False,False,True
1,2,1,-1.180535207645204,0.4327933656785018,-0.4736736092984604,-0.04295550208861426,True,False,False
1,3,1,-1.949033640858116,0.4327933656785018,0.7676298785983874,-0.312172377522981,False,False,True
0,3,0,-0.719436147717457,-0.47454519624983954,-0.4736736092984604,-0.4863374216869257,False,False,True
0,3,0,0.7407108753870755,0.4327933656785018,5.73284383018578,-0.01870931177853076,False,False,True
0,3,1,-1.180535207645204,-0.47454519624983954,-0.4736736092984604,-0.4902797934380587,False,False,True
1,2,0,-0.10463740114712752,-0.47454519624983954,-0.4736736092984604,-0.3866707201133388,False,False,True
0,3,1,0.12591212881674602,0.4327933656785018,-0.4736736092984604,-0.2859972841804228,False,False,True
1,3,1,-0.10463740114712752,-0.47454519624983954,-0.4736736092984604,-0.5029485386158568,True,False,False
0,2,0,0.4333115021019107,-0.47454519624983954,-0.4736736092984604,-0.12491978668775715,False,False,True
1,2,0,0.35646165878061953,-0.47454519624983954,-0.4736736092984604,-0.3866707201133388,False,False,True
1,3,1,-1.1036853643239128,-0.47454519624983954,-0.4736736092984604,-0.4867562231804066,False,True,False
1,1,0,-0.10463740114712752,-0.47454519624983954,-0.4736736092984604,0.06635974158478332,False,False,True
0,3,1,-1.6416342675729512,2.2474704895351842,0.7676298785983874,-0.22408312108167944,False,False,True
1,3,1,0.6638610320657843,0.4327933656785018,5.73284383018578,-0.016444159470040135,False,False,True
0,3,0,-0.10463740114712752,-0.47454519624983954,-0.4736736092984604,-0.5029485386158568,True,False,False
1,3,1,-0.10463740114712752,-0.47454519624983954,-0.4736736092984604,-0.48977642625839407,False,True,False
0,3,0,-0.10463740114712752,-0.47454519624983954,-0.4736736092984604,-0.4894421904510968,False,False,True
0,1,0,0.8175607187083667,-0.47454519624983954,-0.4736736092984604,-0.09027201697708476,True,False,False
1,3,1,-0.10463740114712752,-0.47454519624983954,-0.4736736092984604,-0.49237782784290063,False,True,False
0,1,0,0.9712604053509489,0.4327933656785018,-0.4736736092984604,0.39858208016340624,False,False,True
1,3,0,-0.10463740114712752,-0.47454519624983954,-0.4736736092984604,-0.5028639729296732,True,False,False
0,3,0,-0.6425863043961658,-0.47454519624983954,-0.4736736092984604,-0.4863374216869257,False,False,True
0,3,1,-0.8731358343600393,1.340131927606843,-0.4736736092984604,-0.2859972841804228,False,False,True
1,3,1,-1.180535207645204,0.4327933656785018,-0.4736736092984604,-0.42207354059350805,True,False,False
0,3,1,0.8175607187083667,0.4327933656785018,-0.4736736092984604,-0.4576454924460446,False,False,True
0,2,1,-0.1814872444684187,0.4327933656785018,-0.4736736092984604,-0.22559322262067316,False,False,True
0,3,0,-0.10463740114712752,-0.47454519624983954,-0.4736736092984604,-0.4894421904510968,True,False,False
1,2,1,-2.025883484179407,0.4327933656785018,2.0089333664952354,0.18876253192945994,True,False,False
1,3,1,-0.7962859910387481,-0.47454519624983954,-0.4736736092984604,-0.48977642625839407,False,True,False
0,3,0,-0.10463740114712752,-0.47454519624983954,-0.4736736092984604,-0.4863374216869257,False,False,True
0,3,0,-0.10463740114712752,0.4327933656785018,-0.4736736092984604,-0.3363340021468808,False,True,False
1,3,1,-0.10463740114712752,-0.47454519624983954,-0.4736736092984604,-0.49237782784290063,False,True,False
0,3,0,-0.10463740114712752,1.340131927606843,-0.4736736092984604,-0.21191774308354583,True,False,False
0,3,1,-0.8731358343600393,0.4327933656785018,-0.4736736092984604,-0.29002422161773944,False,False,True
0,3,0,-1.7184841108942424,3.1548090514635256,0.7676298785983874,0.1506737441786005,False,False,True
0,3,0,-0.6425863043961658,-0.47454519624983954,-0.4736736092984604,-0.4913710934835715,False,False,True
1,2,1,-0.027787557825836348,0.4327933656785018,-0.4736736092984604,-0.12491978668775715,False,False,True
1,1,0,-0.10463740114712752,-0.47454519624983954,-0.4736736092984604,0.06635974158478332,False,False,True
1,2,1,-0.6425863043961658,-0.47454519624983954,-0.4736736092984604,-0.43700743807979686,False,False,True
0,3,0,-0.06621247948648194,-0.47454519624983954,-0.4736736092984604,-0.5028639729296732,True,False,False
1,2,1,-1.8721837975368247,0.4327933656785018,2.0089333664952354,-0.08968408411123653,False,False,True
0,3,0,-1.4110847376090776,4.0621476133918675,2.0089333664952354,0.2958951755118318,False,False,True
0,3,0,-0.5657364610748746,-0.47454519624983954,-0.4736736092984604,-0.5028639729296732,True,False,False
0,3,0,-1.949033640858116,2.2474704895351842,2.0089333664952354,-0.08666388103324908,False,False,True
0,1,0,-0.10463740114712752,-0.47454519624983954,-0.4736736092984604,-0.09027201697708476,True,False,False
1,3,0,-0.10463740114712752,0.4327933656785018,0.7676298785983874,-0.3414522396297103,True,False,False
1,2,1,-0.027787557825836348,-0.47454519624983954,-0.4736736092984604,-0.43700743807979686,False,False,True
0,3,0,-0.7962859910387481,-0.47454519624983954,-0.4736736092984604,-0.4841568350646187,False,False,True
1,3,1,-0.9499856776813305,3.1548090514635256,2.0089333664952354,-0.4888542575852486,False,False,True
0,3,0,-0.2583370877897099,1.340131927606843,-0.4736736092984604,-0.47400492578514347,False,False,True
0,2,0,0.20276197213803718,-0.47454519624983954,-0.4736736092984604,-0.43700743807979686,False,False,True
0,3,1,-1.0268355210026217,4.0621476133918675,2.0089333664952354,0.2958951755118318,False,False,True
0,3,0,-0.2583370877897099,0.4327933656785018,-0.4736736092984604,-0.3573908580066095,True,False,False
1,3,0,0.20276197213803718,-0.47454519624983954,-0.4736736092984604,0.48910360681684706,False,False,True
0,3,0,-0.33518693111100106,-0.47454519624983954,-0.4736736092984604,-0.494391296561559,False,False,True
0,3,0,-0.10463740114712752,-0.47454519624983954,-0.4736736092984604,-0.4894421904510968,False,False,True
0,3,0,-0.10463740114712752,-0.47454519624983954,-0.4736736092984604,-0.4863374216869257,False,False,True
1,3,1,0.04906228549545483,-0.47454519624983954,-0.4736736092984604,-0.397241430886295,False,False,True
0,3,0,-0.5657364610748746,-0.47454519624983954,-0.4736736092984604,-0.46720946885967163,False,False,True
1,3,0,-0.027787557825836348,-0.47454519624983954,-0.4736736092984604,-0.45714212526638004,False,False,True
1,3,1,-0.10463740114712752,-0.47454519624983954,-0.4736736092984604,-0.49162277707340374,False,True,False
0,1,0,-0.10463740114712752,-0.47454519624983954,-0.4736736092984604,0.29992211294914856,False,False,True
1,2,1,-0.9499856776813305,-0.47454519624983954,-0.4736736092984604,-0.43700743807979686,False,False,True
1,3,1,0.27961181545932834,2.2474704895351842,-0.4736736092984604,-0.32928686163157667,False,False,True
0,3,0,-1.0268355210026217,0.4327933656785018,3.250236854392083,0.04370821849987721,False,False,True
0,3,0,-0.10463740114712752,-0.47454519624983954,-0.4736736092984604,-0.4863374216869257,False,False,True
0,3,0,-0.41203677443229225,-0.47454519624983954,-0.4736736092984604,-0.4863374216869257,False,False,True
0,3,0,-0.027787557825836348,-0.47454519624983954,-0.4736736092984604,-0.4863374216869257,False,False,True
0,3,0,-0.719436147717457,-0.47454519624983954,-0.4736736092984604,-0.4902797934380587,False,False,True
0,1,0,1.2786597786361138,0.4327933656785018,-0.4736736092984604,0.5833178351003071,False,False,True
0,3,0,-0.2583370877897099,0.4327933656785018,2.0089333664952354,-0.23415046467497105,False,False,True
0,3,0,-0.10463740114712752,-0.47454519624983954,-0.4736736092984604,-0.4863374216869257,False,False,True
1,2,1,0.35646165878061953,-0.47454519624983954,0.7676298785983874,-0.18532384824750675,False,False,True
0,2,0,0.35646165878061953,0.4327933656785018,-0.4736736092984604,-0.12491978668775715,False,False,True
0,3,1,-0.10463740114712752,-0.47454519624983954,-0.4736736092984604,-0.4894421904510968,False,False,True
0,3,0,-0.10463740114712752,-0.47454519624983954,-0.4736736092984604,-0.4894421904510968,False,False,True
0,3,0,0.27961181545932834,-0.47454519624983954,-0.4736736092984604,-0.4741720436887921,False,False,True
0,3,0,0.5870111887444931,1.340131927606843,-0.4736736092984604,-0.4888542575852486,False,False,True
0,3,0,-0.10463740114712752,-0.47454519624983954,-0.4736736092984604,-0.4894421904510968,False,False,True
1,3,1,-0.6425863043961658,-0.47454519624983954,-0.4736736092984604,-0.494391296561559,False,False,True
1,3,0,-0.10463740114712752,-0.47454519624983954,-0.4736736092984604,-0.4918744606632361,False,False,True
0,3,0,0.6638610320657843,-0.47454519624983954,-0.4736736092984604,-0.4894421904510968,False,False,True
1,3,1,-0.10463740114712752,0.4327933656785018,-0.4736736092984604,-0.1621689579829361,False,True,False
0,1,0,1.3555096219574048,-0.47454519624983954,-0.4736736092984604,0.39858208016340624,False,False,True
0,3,1,-1.1421102859845584,0.4327933656785018,-0.4736736092984604,-0.3573908580066095,True,False,False
0,3,0,-0.5657364610748746,-0.47454519624983954,-0.4736736092984604,-0.4863374216869257,False,False,True
0,3,1,-0.719436147717457,0.4327933656785018,-0.4736736092984604,-0.4505983519307405,False,False,True
0,3,1,-0.9499856776813305,-0.47454519624983954,-0.4736736092984604,-0.3573083057891445,True,False,False
0,3,0,-0.6425863043961658,-0.47454519624983954,-0.4736736092984604,-0.4888542575852486,False,False,True
0,2,0,-0.027787557825836348,0.4327933656785018,-0.4736736092984604,-0.22559322262067316,False,False,True
0,3,0,-0.10463740114712752,-0.47454519624983954,-0.4736736092984604,-0.4863374216869257,False,False,True
0,2,0,0.24118689379868277,0.4327933656785018,-0.4736736092984604,-0.04295550208861426,True,False,False
1,2,1,0.24118689379868277,-0.47454519624983954,-0.4736736092984604,-0.3866707201133388,False,False,True
1,3,0,-1.3342348942877864,0.4327933656785018,-0.4736736092984604,-0.42207354059350805,True,False,False
0,3,0,-0.10463740114712752,-0.47454519624983954,-0.4736736092984604,-0.49237782784290063,False,True,False
1,3,0,-0.41203677443229225,-0.47454519624983954,-0.4736736092984604,-0.5046257580584992,False,False,True
1,3,1,-0.10463740114712752,0.4327933656785018,0.7676298785983874,-0.19824427701513722,True,False,False
0,3,0,1.2018099353148226,-0.47454519624983954,-0.4736736092984604,-0.5079822104125026,False,False,True
0,3,0,0.27961181545932834,-0.47454519624983954,-0.4736736092984604,-0.4894421904510968,True,False,False
0,3,0,-0.719436147717457,-0.47454519624983954,-0.4736736092984604,-0.5064721088735089,False,False,True
0,3,1,1.3555096219574048,0.4327933656785018,-0.4736736092984604,-0.35646868933346404,False,False,True
1,2,1,-0.027787557825836348,0.4327933656785018,-0.4736736092984604,-0.12491978668775715,False,False,True
0,2,0,-0.33518693111100106,-0.47454519624983954,-0.4736736092984604,-0.3866707201133388,False,False,True
0,2,0,-0.48888661775358344,-0.47454519624983954,-0.4736736092984604,-0.3454791770670269,True,False,False
1,1,1,-0.7962859910387481,-0.47454519624983954,2.0089333664952354,-0.11921562980779811,False,False,True
0,1,0,0.5870111887444931,0.4327933656785018,-0.4736736092984604,0.4207302360686478,False,False,True
0,3,0,-1.0268355210026217,-0.47454519624983954,-0.4736736092984604,-0.4628462821463391,False,False,True
0,3,1,-0.10463740114712752,-0.47454519624983954,2.0089333664952354,-0.3414522396297103,True,False,False
1,3,1,-0.5657364610748746,-0.47454519624983954,-0.4736736092984604,-0.49237782784290063,False,False,True
1,3,1,-0.41203677443229225,0.4327933656785018,-0.4736736092984604,-0.32928686163157667,False,False,True
0,3,0,-0.7962859910387481,-0.47454519624983954,-0.4736736092984604,-0.5125125150294839,False,True,False
0,2,0,-0.8731358343600393,-0.47454519624983954,-0.4736736092984604,-0.41687275089321363,False,False,True
0,2,0,-0.7962859910387481,0.4327933656785018,0.7676298785983874,0.09152810056801232,False,False,True
1,3,0,-0.1814872444684187,-0.47454519624983954,-0.4736736092984604,-0.49145565916975514,False,False,True
0,3,1,-1.56478442425166,1.340131927606843,2.0089333664952354,0.04370821849987721,False,False,True
0,2,0,0.5485862670838475,-0.47454519624983954,2.0089333664952354,-0.12491978668775715,False,False,True
0,2,0,0.9712604053509489,-0.47454519624983954,-0.4736736092984604,-0.3866707201133388,False,False,True
0,2,0,1.6629089952425695,-0.47454519624983954,-0.4736736092984604,-0.39623469652696586,False,False,True
0,3,0,0.8559856403690123,-0.47454519624983954,2.0089333664952354,-0.35646868933346404,False,False,True
0,3,0,-0.10463740114712752,-0.47454519624983954,-0.4736736092984604,-0.5011867534870308,False,False,True
0,1,0,1.6629089952425695,-0.47454519624983954,0.7676298785983874,0.5874293382238074,True,False,False
1,3,1,-1.0268355210026217,-0.47454519624983954,-0.4736736092984604,-0.49271407711891657,False,True,False
0,3,0,0.04906228549545483,-0.47454519624983954,-0.4736736092984604,-0.4863374216869257,False,False,True
0,3,0,-0.10463740114712752,-0.47454519624983954,-0.4736736092984604,-0.47400492578514347,False,False,True
0,3,0,1.1249600919935314,-0.47454519624983954,0.7676298785983874,-0.32425318983493084,False,False,True
1,2,1,0.8175607187083667,-0.47454519624983954,-0.4736736092984604,-0.331300330350235,False,False,True
0,3,0,-0.2583370877897099,-0.47454519624983954,-0.4736736092984604,-0.4918744606632361,False,False,True
0,3,0,-0.9499856776813305,-0.47454519624983954,-0.4736736092984604,-0.47400492578514347,False,False,True
1,3,0,-1.56478442425166,-0.47454519624983954,2.0089333664952354,-0.2351571990343002,False,False,True
1,1,1,-0.10463740114712752,-0.47454519624983954,0.7676298785983874,0.4589861417231558,False,False,True
0,3,1,1.2018099353148226,0.4327933656785018,4.491540342288931,-0.08666388103324908,False,False,True
0,1,0,-0.10463740114712752,-0.47454519624983954,-0.4736736092984604,-0.12642988822675086,False,False,True
0,3,0,-0.10463740114712752,-0.47454519624983954,-0.4736736092984604,0.48910360681684706,False,False,True
0,3,0,-1.949033640858116,3.1548090514635256,0.7676298785983874,-0.06199888922968463,False,True,False
0,3,0,-0.6425863043961658,-0.47454519624983954,-0.4736736092984604,-0.4888542575852486,False,False,True
0,3,0,-0.8731358343600393,0.4327933656785018,0.7676298785983874,-0.4902797934380587,False,False,True
0,3,0,-0.10463740114712752,2.2474704895351842,0.7676298785983874,-0.13565761536436197,False,False,True
0,1,1,1.5860591519212783,-0.47454519624983954,-0.4736736092984604,-0.07030444769415023,True,False,False
0,2,0,0.04906228549545483,-0.47454519624983954,-0.4736736092984604,-0.3866707201133388,False,False,True
0,3,0,0.5101613454232019,-0.47454519624983954,-0.4736736092984604,-0.6484216535389205,False,False,True
0,2,0,-0.10463740114712752,-0.47454519624983954,-0.4736736092984604,-0.34539461138084326,True,False,False
0,3,0,-1.56478442425166,3.1548090514635256,2.0089333664952354,-0.016444159470040135,False,False,True
1,3,1,-1.949033640858116,-0.47454519624983954,2.0089333664952354,-0.20495516825442542,False,False,True
0,1,0,-0.10463740114712752,-0.47454519624983954,-0.4736736092984604,0.3583127057902398,False,False,True
1,3,1,-0.10463740114712752,0.4327933656785018,-0.4736736092984604,-0.3363340021468808,False,True,False
1,1,0,1.2018099353148226,-0.47454519624983954,-0.4736736092984604,-0.11384570873513637,False,False,True
0,3,0,0.8175607187083667,0.4327933656785018,0.7676298785983874,-0.3363340021468808,False,True,False
0,3,0,0.5101613454232019,-0.47454519624983954,-0.4736736092984604,-0.4894421904510968,False,False,True
1,2,1,0.20276197213803718,-0.47454519624983954,-0.4736736092984604,-0.3866707201133388,False,False,True
0,2,0,-0.7962859910387481,-0.47454519624983954,-0.4736736092984604,-0.3866707201133388,False,False,True
1,3,1,-0.7962859910387481,0.4327933656785018,-0.4736736092984604,-0.4902797934380587,False,False,True
1,2,0,-2.025883484179407,0.4327933656785018,0.7676298785983874,-0.12491978668775715,False,False,True
1,1,1,1.1249600919935314,-0.47454519624983954,-0.4736736092984604,-0.09027201697708476,True,False,False
0,3,0,-0.10463740114712752,-0.47454519624983954,-0.4736736092984604,-0.49237782784290063,False,True,False
0,3,0,0.9712604053509489,-0.47454519624983954,0.7676298785983874,-0.47920571548543794,False,False,True
1,3,1,-0.10463740114712752,-0.47454519624983954,-0.4736736092984604,-0.49237782784290063,False,True,False
0,2,1,-0.41203677443229225,-0.47454519624983954,-0.4736736092984604,-0.3866707201133388,False,False,True
0,3,0,-0.10463740114712752,-0.47454519624983954,-0.4736736092984604,-0.45714212526638004,False,False,True
0,3,0,0.35646165878061953,-0.47454519624983954,-0.4736736092984604,-0.5176307525123133,False,False,True
0,3,0,1.2402348569754682,-0.47454519624983954,-0.4736736092984604,-0.5029485386158568,True,False,False
1,3,0,-0.8731358343600393,-0.47454519624983954,-0.4736736092984604,-0.4863374216869257,False,False,True
0,3,0,0.20276197213803718,0.4327933656785018,-0.4736736092984604,-0.32928686163157667,False,False,True
1,3,0,-0.2583370877897099,-0.47454519624983954,-0.4736736092984604,-0.2701412180209885,True,False,False
1,3,1,-1.0268355210026217,-0.47454519624983954,-0.4736736092984604,-0.49237782784290063,False,True,False
1,1,0,0.8175607187083667,-0.47454519624983954,-0.4736736092984604,-0.024246350754841113,True,False,False
0,3,0,-0.41203677443229225,-0.47454519624983954,-0.4736736092984604,-0.5064721088735089,False,False,True
1,2,1,0.4333115021019107,-0.47454519624983954,-0.4736736092984604,-0.22559322262067316,False,False,True
0,3,0,-0.5657364610748746,-0.47454519624983954,-0.4736736092984604,-0.5024451714361923,False,False,True
0,2,0,0.04906228549545483,-0.47454519624983954,-0.4736736092984604,-0.3866707201133388,False,False,True
0,3,0,-0.10463740114712752,0.4327933656785018,-0.4736736092984604,-0.49237782784290063,False,True,False
1,3,1,-0.1814872444684187,-0.47454519624983954,-0.4736736092984604,-0.4888542575852486,False,False,True
0,2,0,0.9712604053509489,0.4327933656785018,-0.4736736092984604,-0.10478509950117394,False,False,True
0,2,0,0.04906228549545483,-0.47454519624983954,-0.4736736092984604,-0.43700743807979686,False,False,True
1,3,0,-1.0268355210026217,-0.47454519624983954,-0.4736736092984604,-0.4863374216869257,False,False,True
0,2,0,-0.1814872444684187,-0.47454519624983954,-0.4736736092984604,-0.3866707201133388,False,False,True
0,3,0,1.6629089952425695,-0.47454519624983954,-0.4736736092984604,-0.4863374216869257,False,False,True
0,3,0,-0.10463740114712752,-0.47454519624983954,-0.4736736092984604,-0.4894421904510968,False,False,True
0,3,0,-0.5657364610748746,-0.47454519624983954,-0.4736736092984604,-0.4601623283443675,False,False,True
1,2,0,-0.7962859910387481,-0.47454519624983954,-0.4736736092984604,-0.43700743807979686,False,False,True
0,3,0,-0.6810112260568114,-0.47454519624983954,-0.4736736092984604,-0.5024451714361923,False,False,True
0,2,0,-0.8731358343600393,-0.47454519624983954,-0.4736736092984604,-0.3866707201133388,False,False,True
0,3,1,-0.10463740114712752,2.2474704895351842,0.7676298785983874,-0.13565761536436197,False,False,True
0,3,0,-0.027787557825836348,-0.47454519624983954,-0.4736736092984604,-0.4918744606632361,False,False,True
1,3,1,-1.8721837975368247,3.1548090514635256,2.0089333664952354,-0.016444159470040135,False,False,True
0,2,0,-0.41203677443229225,-0.47454519624983954,-0.4736736092984604,-0.43700743807979686,False,False,True
0,3,1,-0.10463740114712752,-0.47454519624983954,-0.4736736092984604,-0.49640476528021726,False,False,True
0,2,0,1.1249600919935314,0.4327933656785018,-0.4736736092984604,-0.12491978668775715,False,False,True
1,2,1,-1.6416342675729512,-0.47454519624983954,2.0089333664952354,-0.11988611489111134,False,False,True
0,2,0,-0.7962859910387481,-0.47454519624983954,-0.4736736092984604,-0.43700743807979686,False,False,True
0,2,0,0.27961181545932834,-0.47454519624983954,-0.4736736092984604,-0.4012683683236117,False,False,True
0,3,1,-0.10463740114712752,0.4327933656785018,-0.4736736092984604,-0.3573908580066095,True,False,False
1,3,1,-0.10463740114712752,0.4327933656785018,-0.4736736092984604,-0.3363340021468808,False,True,False
0,2,0,-0.027787557825836348,-0.47454519624983954,-0.4736736092984604,-0.43700743807979686,False,False,True
0,3,0,-0.5657364610748746,-0.47454519624983954,-0.4736736092984604,-0.5049620073345151,False,False,True
0,3,0,0.04906228549545483,-0.47454519624983954,-0.4736736092984604,-0.5029485386158568,True,False,False
0,3,1,-0.33518693111100106,-0.47454519624983954,-0.4736736092984604,-0.4918744606632361,False,False,True
1,2,1,-0.41203677443229225,-0.47454519624983954,2.0089333664952354,-0.35646868933346404,False,False,True
1,1,0,0.5870111887444931,0.4327933656785018,0.7676298785983874,0.40974072380221066,False,False,True
0,2,0,1.893458525206443,0.4327933656785018,-0.4736736092984604,-0.12491978668775715,False,False,True
0,3,0,-0.10463740114712752,-0.47454519624983954,-0.4736736092984604,-0.5024451714361923,False,False,True
0,3,1,-0.027787557825836348,0.4327933656785018,0.7676298785983874,-0.43776248884929375,False,False,True
0,3,0,0.04906228549545483,0.4327933656785018,-0.4736736092984604,-0.32425318983493084,False,False,True
0,3,1,0.8944105620296577,-0.47454519624983954,2.0089333664952354,-0.2414492887801075,False,False,True
1,3,1,-0.027787557825836348,-0.47454519624983954,2.0089333664952354,-0.3414522396297103,True,False,False
1,2,1,1.5860591519212783,-0.47454519624983954,0.7676298785983874,-0.12491978668775715,False,False,True
0,3,0,-0.10463740114712752,-0.47454519624983954,-0.4736736092984604,-0.49237782784290063,False,True,False
1,3,0,-2.025883484179407,3.1548090514635256,2.0089333664952354,-0.016444159470040135,False,False,True
0,1,0,0.8175607187083667,-0.47454519624983954,-0.4736736092984604,-0.6484216535389205,False,False,True
0,3,1,-0.10463740114712752,-0.47454519624983954,-0.4736736092984604,-0.49237782784290063,False,True,False
0,2,0,0.5101613454232019,-0.47454519624983954,-0.4736736092984604,-0.43700743807979686,False,False,True
0,3,0,-1.0268355210026217,3.1548090514635256,0.7676298785983874,0.1506737441786005,False,False,True
1,3,0,-0.33518693111100106,0.4327933656785018,-0.4736736092984604,-0.4918744606632361,False,False,True
0,1,0,-0.10463740114712752,-0.47454519624983954,-0.4736736092984604,-0.024246350754841113,False,False,True
1,3,0,-0.33518693111100106,-0.47454519624983954,-0.4736736092984604,-0.6484216535389205,False,False,True
1,2,1,0.8944105620296577,-0.47454519624983954,0.7676298785983874,-0.255795253400548,False,False,True
0,1,0,0.5870111887444931,-0.47454519624983954,0.7676298785983874,-0.05042144409739929,True,False,False
1,3,1,-0.10463740114712752,-0.47454519624983954,-0.4736736092984604,-0.49237782784290063,False,True,False
0,3,1,1.2018099353148226,-0.47454519624983954,-0.4736736092984604,-0.49237782784290063,False,False,True
0,2,0,-0.10463740114712752,-0.47454519624983954,-0.4736736092984604,-0.6484216535389205,False,False,True
0,3,0,-1.7184841108942424,3.1548090514635256,0.7676298785983874,-0.06199888922968463,False,True,False
1,3,1,0.4333115021019107,0.4327933656785018,0.7676298785983874,-0.24069423801061057,False,False,True
0,3,0,-0.10463740114712752,-0.47454519624983954,-0.4736736092984604,-0.4902797934380587,False,False,True
0,3,0,-1.0268355210026217,-0.47454519624983954,-0.4736736092984604,-0.45714212526638004,False,False,True
1,3,0,-0.7962859910387481,-0.47454519624983954,-0.4736736092984604,-0.4863374216869257,False,False,True
0,1,0,-0.10463740114712752,-0.47454519624983954,-0.4736736092984604,-0.12491978668775715,False,False,True
0,3,0,0.27961181545932834,-0.47454519624983954,-0.4736736092984604,-0.47400492578514347,True,False,False
1,3,0,0.04906228549545483,-0.47454519624983954,-0.4736736092984604,-0.45714212526638004,False,False,True
0,3,0,-0.5657364610748746,-0.47454519624983954,-0.4736736092984604,-0.4894421904510968,False,False,True
1,2,0,0.9712604053509489,-0.47454519624983954,-0.4736736092984604,-0.3866707201133388,False,False,True
1,3,1,-0.5657364610748746,-0.47454519624983954,-0.4736736092984604,-0.49237782784290063,False,True,False
0,2,0,0.5101613454232019,-0.47454519624983954,-0.4736736092984604,-0.3891875560116617,True,False,False
0,3,1,-0.41203677443229225,-0.47454519624983954,-0.4736736092984604,-0.4702296719376591,False,False,True
0,3,0,-0.41203677443229225,-0.47454519624983954,-0.4736736092984604,-0.4894421904510968,False,False,True
0,1,0,-0.10463740114712752,-0.47454519624983954,-0.4736736092984604,-0.09027201697708476,True,False,False
0,3,0,-0.45046169609293785,-0.47454519624983954,-0.4736736092984604,-0.5028639729296732,True,False,False
1,1,0,-0.10463740114712752,-0.47454519624983954,-0.4736736092984604,-0.034313694348132716,False,False,True
1,3,1,-0.10463740114712752,-0.47454519624983954,-0.4736736092984604,-0.49237782784290063,False,True,False
1,3,0,-0.10463740114712752,1.340131927606843,-0.4736736092984604,-0.18029017645086096,False,True,False
0,3,0,-0.7962859910387481,-0.47454519624983954,-0.4736736092984604,-0.6484216535389205,False,False,True
1,2,1,-0.10463740114712752,-0.47454519624983954,-0.4736736092984604,-0.3997582667846179,False,True,False
0,3,0,-0.10463740114712752,-0.47454519624983954,-0.4736736092984604,-0.4863374216869257,False,False,True
0,2,0,0.04906228549545483,0.4327933656785018,-0.4736736092984604,-0.16518916106092355,True,False,False
1,1,1,0.04906228549545483,-0.47454519624983954,-0.4736736092984604,0.49782998024351216,True,False,False
0,2,1,-0.2583370877897099,0.4327933656785018,0.7676298785983874,-0.12491978668775715,False,False,True
0,3,0,-0.10463740114712752,-0.47454519624983954,-0.4736736092984604,-0.4894421904510968,False,False,True
0,2,0,1.0481102486722402,0.4327933656785018,0.7676298785983874,-0.11988611489111134,False,False,True
1,3,1,-0.2583370877897099,-0.47454519624983954,-0.4736736092984604,-0.4902797934380587,False,False,True
1,2,1,-0.41203677443229225,0.4327933656785018,-0.4736736092984604,-0.12491978668775715,False,False,True
0,2,0,1.893458525206443,-0.47454519624983954,-0.4736736092984604,-0.36653603292675563,False,False,True
0,3,0,-0.5657364610748746,-0.47454519624983954,-0.4736736092984604,-0.5024451714361923,False,False,True
0,3,0,-0.1814872444684187,-0.47454519624983954,-0.4736736092984604,-0.4894421904510968,False,False,True
1,2,1,0.04906228549545483,-0.47454519624983954,-0.4736736092984604,-0.3997582667846179,False,True,False
1,2,1,-0.5657364610748746,0.4327933656785018,0.7676298785983874,-0.06451572512800753,False,False,True
1,2,1,0.5101613454232019,-0.47454519624983954,-0.4736736092984604,-0.3866707201133388,False,False,True
1,3,1,0.12591212881674602,0.4327933656785018,0.7676298785983874,-0.2351571990343002,False,False,True
1,1,1,-1.0268355210026217,-0.47454519624983954,0.7676298785983874,0.5189714017894245,True,False,False
1,3,1,-0.10463740114712752,1.340131927606843,-0.4736736092984604,-0.18029017645086096,False,True,False
0,1,0,1.2402348569754682,-0.47454519624983954,-0.4736736092984604,-0.07458306872129913,False,False,True
0,3,0,-1.0268355210026217,1.340131927606843,-0.4736736092984604,-0.2859972841804228,False,False,True
0,3,0,-0.10463740114712752,-0.47454519624983954,-0.4736736092984604,-0.4894421904510968,False,False,True
1,3,0,1.2018099353148226,-0.47454519624983954,-0.4736736092984604,-0.4863374216869257,False,False,True
0,1,0,1.2018099353148226,-0.47454519624983954,-0.4736736092984604,0.06635974158478332,False,False,True
0,2,0,-0.10463740114712752,-0.47454519624983954,-0.4736736092984604,-0.3866707201133388,False,False,True
0,2,0,-0.33518693111100106,-0.47454519624983954,-0.4736736092984604,-0.3866707201133388,False,False,True
0,2,0,0.5101613454232019,-0.47454519624983954,-0.4736736092984604,-0.3866707201133388,False,False,True
1,2,1,-0.41203677443229225,-0.47454519624983954,-0.4736736092984604,-0.3866707201133388,False,False,True
1,2,1,0.8175607187083667,-0.47454519624983954,-0.4736736092984604,-0.3866707201133388,False,False,True
1,3,1,-0.10463740114712752,0.4327933656785018,-0.4736736092984604,-0.32425318983493084,False,False,True
1,3,0,-2.025883484179407,0.4327933656785018,0.7676298785983874,-0.32828012727224753,False,False,True
0,3,0,0.9712604053509489,-0.47454519624983954,-0.4736736092984604,-0.47400492578514347,False,False,True
0,3,0,-0.48888661775358344,-0.47454519624983954,-0.4736736092984604,-0.4626791642426904,False,False,True
0,1,0,-0.10463740114712752,-0.47454519624983954,-0.4736736092984604,0.05629239799149171,False,False,True
0,3,0,-1.1036853643239128,0.4327933656785018,0.7676298785983874,-0.5028639729296732,True,False,False
0,3,0,-0.33518693111100106,0.4327933656785018,-0.4736736092984604,-0.29002422161773944,False,False,True
0,3,0,-0.10463740114712752,-0.47454519624983954,-0.4736736092984604,-0.5029485386158568,True,False,False
0,3,0,-0.10463740114712752,-0.47454519624983954,-0.4736736092984604,-0.45714212526638004,False,False,True
1,1,1,-0.5657364610748746,-0.47454519624983954,0.7676298785983874,0.4589861417231558,False,False,True
0,2,1,0.6638610320657843,-0.47454519624983954,-0.4736736092984604,-0.3866707201133388,False,False,True
1,3,1,-0.10463740114712752,-0.47454519624983954,-0.4736736092984604,-0.48977642625839407,False,True,False
1,3,1,-0.10463740114712752,-0.47454519624983954,-0.4736736092984604,-0.48977642625839407,False,True,False
0,3,0,0.8175607187083667,0.4327933656785018,4.491540342288931,-0.08666388103324908,False,False,True
0,2,0,-0.027787557825836348,0.4327933656785018,-0.4736736092984604,-0.09027201697708476,True,False,False
0,3,1,1.2018099353148226,-0.47454519624983954,0.7676298785983874,-0.3573908580066095,True,False,False
0,3,0,0.4333115021019107,-0.47454519624983954,-0.4736736092984604,-0.5064721088735089,False,False,True
0,3,0,-0.10463740114712752,0.4327933656785018,-0.4736736092984604,-0.3363340021468808,False,True,False
0,3,0,0.04906228549545483,-0.47454519624983954,-0.4736736092984604,-0.5024451714361923,False,False,True
1,3,1,-0.10463740114712752,-0.47454519624983954,-0.4736736092984604,-0.5028639729296732,True,False,False
1,3,1,-0.10463740114712752,-0.47454519624983954,-0.4736736092984604,-0.49237782784290063,False,True,False
1,1,0,-0.33518693111100106,0.4327933656785018,-0.4736736092984604,0.4678796330534696,True,False,False
0,3,0,-0.8731358343600393,0.4327933656785018,-0.4736736092984604,-0.5176307525123133,False,False,True
0,3,0,-0.7962859910387481,-0.47454519624983954,-0.4736736092984604,-0.4863374216869257,False,False,True
0,3,1,-2.025883484179407,2.2474704895351842,0.7676298785983874,-0.22408312108167944,False,False,True
1,3,1,-0.5657364610748746,-0.47454519624983954,-0.4736736092984604,-0.5024451714361923,False,False,True
0,3,0,-0.719436147717457,-0.47454519624983954,-0.4736736092984604,-0.5676312212027554,True,False,False
0,3,0,-0.7962859910387481,-0.47454519624983954,-0.4736736092984604,-0.4918744606632361,False,False,True
0,3,0,0.20276197213803718,-0.47454519624983954,-0.4736736092984604,-0.4888542575852486,False,False,True
1,1,1,0.4333115021019107,0.4327933656785018,-0.4736736092984604,0.39858208016340624,False,False,True
0,3,0,-0.10463740114712752,-0.47454519624983954,-0.4736736092984604,-0.4894421904510968,False,False,True
1,2,1,0.5101613454232019,-0.47454519624983954,-0.4736736092984604,-0.3866707201133388,False,False,True
0,3,0,-0.10463740114712752,-0.47454519624983954,-0.4736736092984604,-0.49279662933638163,False,True,False
1,2,1,-0.9499856776813305,-0.47454519624983954,-0.4736736092984604,-0.40680540729992204,True,False,False
1,3,0,-0.6425863043961658,-0.47454519624983954,-0.4736736092984604,-0.49145565916975514,False,False,True
0,3,0,-0.10463740114712752,1.340131927606843,-0.4736736092984604,-0.4888542575852486,False,False,True
1,3,1,-0.41203677443229225,-0.47454519624983954,2.0089333664952354,-0.312172377522981,False,False,True
0,3,0,-0.5657364610748746,-0.47454519624983954,-0.4736736092984604,-0.49145565916975514,False,False,True
0,3,1,0.12591212881674602,-0.47454519624983954,-0.4736736092984604,-0.4902797934380587,False,False,True
0,2,0,1.2786597786361138,-0.47454519624983954,-0.4736736092984604,-0.12491978668775715,False,False,True
0,2,0,-0.48888661775358344,-0.47454519624983954,-0.4736736092984604,-0.43700743807979686,False,False,True
1,2,1,-0.10463740114712752,-0.47454519624983954,-0.4736736092984604,-0.393717860628643,False,False,True
1,3,0,0.7407108753870755,-0.47454519624983954,-0.4736736092984604,-0.4888542575852486,False,False,True
0,3,0,-0.2583370877897099,-0.47454519624983954,-0.4736736092984604,-0.4863374216869257,False,False,True
0,3,1,-0.6425863043961658,0.4327933656785018,-0.4736736092984604,-0.4505983519307405,False,False,True
0,3,0,-0.10463740114712752,0.4327933656785018,-0.4736736092984604,-0.32928686163157667,False,False,True
0,3,1,-0.719436147717457,-0.47454519624983954,-0.4736736092984604,-0.47400492578514347,False,False,True
0,2,0,0.35646165878061953,0.4327933656785018,-0.4736736092984604,-0.22559322262067316,False,False,True
0,3,0,1.6629089952425695,-0.47454519624983954,-0.4736736092984604,-0.49237782784290063,False,False,True
1,2,0,-2.025883484179407,0.4327933656785018,0.7676298785983874,-0.2708962687904854,False,False,True
0,3,0,-0.6425863043961658,-0.47454519624983954,-0.4736736092984604,-0.4918744606632361,False,False,True
0,3,1,-0.10463740114712752,2.2474704895351842,0.7676298785983874,-0.13565761536436197,False,False,True
0,3,0,-0.10463740114712752,-0.47454519624983954,-0.4736736092984604,-0.4894421904510968,False,False,True
0,3,0,-0.10463740114712752,-0.47454519624983954,-0.4736736092984604,-0.5103319284071769,False,True,False
0,2,0,-0.10463740114712752,-0.47454519624983954,-0.4736736092984604,-0.6484216535389205,False,False,True
1,3,0,1.1249600919935314,-0.47454519624983954,-0.4736736092984604,-0.4888542575852486,False,False,True
0,3,1,-0.10463740114712752,-0.47454519624983954,-0.4736736092984604,-0.4863374216869257,False,False,True
1,2,1,0.35646165878061953,0.4327933656785018,0.7676298785983874,0.005955680025033696,False,False,True
1,2,1,-0.8731358343600393,-0.47454519624983954,2.0089333664952354,-0.3866707201133388,False,False,True
0,2,0,0.04906228549545483,-0.47454519624983954,-0.4736736092984604,-0.3866707201133388,False,False,True
0,3,1,-1.4879345809303688,-0.47454519624983954,2.0089333664952354,-0.1621689579829361,False,False,True
0,3,0,-0.10463740114712752,-0.47454519624983954,-0.4736736092984604,-0.4894421904510968,True,False,False
0,3,0,-0.6425863043961658,-0.47454519624983954,-0.4736736092984604,-0.49271407711891657,False,True,False
0,3,0,-0.027787557825836348,-0.47454519624983954,-0.4736736092984604,-0.4898609919445778,False,False,True
0,3,1,-0.10463740114712752,0.4327933656785018,0.7676298785983874,-0.35848215805212236,False,False,True
0,3,0,-0.8731358343600393,0.4327933656785018,0.7676298785983874,-0.2414492887801075,False,False,True
0,3,0,-0.10463740114712752,-0.47454519624983954,-0.4736736092984604,-0.5024451714361923,False,False,True
1,2,1,-0.10463740114712752,0.4327933656785018,-0.4736736092984604,-0.12491978668775715,False,False,True
1,2,1,-0.7962859910387481,-0.47454519624983954,-0.4736736092984604,-0.12491978668775715,False,False,True
0,3,0,-0.10463740114712752,-0.47454519624983954,-0.4736736092984604,-0.49237782784290063,False,True,False
1,3,0,0.20276197213803718,-0.47454519624983954,-0.4736736092984604,-0.4863374216869257,False,False,True
1,1,0,-0.10463740114712752,-0.47454519624983954,-0.4736736092984604,-0.11384570873513637,False,False,True
1,3,1,-0.10463740114712752,0.4327933656785018,-0.4736736092984604,-0.32425318983493084,False,False,True
1,2,1,0.9712604053509489,0.4327933656785018,-0.4736736092984604,-0.12491978668775715,False,False,True
0,3,0,-0.9499856776813305,-0.47454519624983954,-0.4736736092984604,-0.5049620073345151,False,False,True
0,1,0,1.5860591519212783,0.4327933656785018,-0.4736736092984604,0.4771073601910807,False,False,True
0,3,1,-0.6425863043961658,1.340131927606843,2.0089333664952354,0.04370821849987721,False,False,True
1,2,1,-0.41203677443229225,1.340131927606843,3.250236854392083,-0.2708962687904854,False,False,True
0,2,0,0.12591212881674602,-0.47454519624983954,-0.4736736092984604,-0.43700743807979686,False,False,True
1,2,1,1.2018099353148226,0.4327933656785018,0.7676298785983874,-0.11988611489111134,False,False,True
0,3,0,-0.719436147717457,-0.47454519624983954,-0.4736736092984604,-0.45714212526638004,False,False,True
0,3,0,-0.33518693111100106,0.4327933656785018,-0.4736736092984604,-0.4918744606632361,False,False,True
1,2,1,-0.10463740114712752,-0.47454519624983954,-0.4736736092984604,-0.3866707201133388,False,False,True
1,3,0,-0.10463740114712752,-0.47454519624983954,-0.4736736092984604,-0.48507900373776425,False,False,True
1,2,1,-1.2573850509664952,-0.47454519624983954,0.7676298785983874,-0.255795253400548,False,False,True
1,1,0,0.35646165878061953,-0.47454519624983954,-0.4736736092984604,-0.11384570873513637,False,False,True
1,3,1,-1.8721837975368247,1.340131927606843,0.7676298785983874,-0.26066180729354516,True,False,False
1,1,0,1.7397588385638607,-0.47454519624983954,-0.4736736092984604,-0.034313694348132716,False,False,True
0,2,0,0.5101613454232019,0.4327933656785018,2.0089333664952354,-0.08968408411123653,False,False,True
0,3,0,-0.10463740114712752,0.4327933656785018,-0.4736736092984604,-0.2463983948905696,False,False,True
0,1,0,0.04906228549545483,-0.47454519624983954,-0.4736736092984604,-0.08968408411123653,True,False,False
0,3,0,-0.10463740114712752,-0.47454519624983954,-0.4736736092984604,-0.4863374216869257,False,False,True
1,3,0,-0.027787557825836348,-0.47454519624983954,-0.4736736092984604,-0.4894421904510968,True,False,False
1,1,1,-0.10463740114712752,0.4327933656785018,-0.4736736092984604,0.395813560675251,False,False,True
1,2,1,1.5860591519212783,-0.47454519624983954,-0.4736736092984604,-0.43700743807979686,False,False,True
0,3,0,-0.10463740114712752,-0.47454519624983954,-0.4736736092984604,-0.49237782784290063,False,True,False
1,1,0,1.432359465278696,-0.47454519624983954,-0.4736736092984604,-0.11384570873513637,False,False,True
0,3,0,0.35646165878061953,-0.47454519624983954,-0.4736736092984604,-0.4863374216869257,False,False,True
0,1,0,1.3555096219574048,-0.47454519624983954,-0.4736736092984604,0.12676380314453292,False,False,True
0,2,0,1.432359465278696,-0.47454519624983954,-0.4736736092984604,-0.3866707201133388,False,False,True
0,3,0,-0.10463740114712752,-0.47454519624983954,-0.4736736092984604,-0.4863374216869257,False,False,True
0,3,0,0.6638610320657843,-0.47454519624983954,-0.4736736092984604,-0.5064721088735089,False,False,True
0,2,0,-0.10463740114712752,-0.47454519624983954,-0.4736736092984604,-0.6484216535389205,False,False,True
0,3,0,-0.10463740114712752,-0.47454519624983954,-0.4736736092984604,-0.4928811950225652,False,True,False
0,3,0,-0.10463740114712752,-0.47454519624983954,-0.4736736092984604,-0.5024451714361923,False,False,True
0,3,0,0.6638610320657843,-0.47454519624983954,-0.4736736092984604,-0.47400492578514347,False,False,True
1,2,1,0.27961181545932834,0.4327933656785018,2.0089333664952354,-0.08968408411123653,False,False,True
1,2,1,-0.48888661775358344,-0.47454519624983954,-0.4736736092984604,-0.3707300882677209,True,False,False
0,3,1,-0.5657364610748746,-0.47454519624983954,-0.4736736092984604,-0.45034666834090825,False,False,True
0,1,0,-0.10463740114712752,-0.47454519624983954,-0.4736736092984604,0.39858208016340624,False,False,True
0,2,0,0.35646165878061953,0.4327933656785018,-0.4736736092984604,-0.22559322262067316,False,False,True
0,3,0,-0.027787557825836348,0.4327933656785018,-0.4736736092984604,-0.5065566745596926,False,False,True
0,3,0,-0.5657364610748746,-0.47454519624983954,-0.4736736092984604,-0.4969926981460655,False,False,True
0,3,0,-1.56478442425166,4.0621476133918675,2.0089333664952354,0.2958951755118318,False,False,True
0,2,0,-0.10463740114712752,-0.47454519624983954,-0.4736736092984604,-0.6484216535389205,False,False,True
0,3,0,1.5860591519212783,-0.47454519624983954,-0.4736736092984604,-0.4863374216869257,False,False,True
0,3,1,-0.10463740114712752,2.2474704895351842,0.7676298785983874,-0.13565761536436197,False,False,True
0,3,0,0.04906228549545483,-0.47454519624983954,-0.4736736092984604,-0.4863374216869257,False,False,True
1,3,0,-1.56478442425166,0.4327933656785018,0.7676298785983874,-0.32828012727224753,False,False,True
0,3,0,-0.10463740114712752,0.4327933656785018,-0.4736736092984604,-0.2463983948905696,False,False,True
0,3,0,-0.6425863043961658,-0.47454519624983954,-0.4736736092984604,-0.5024451714361923,False,False,True
0,3,0,-0.6425863043961658,-0.47454519624983954,-0.4736736092984604,-0.4863374216869257,False,False,True
0,3,0,-0.10463740114712752,-0.47454519624983954,-0.4736736092984604,-0.3573083057891445,True,False,False
0,3,0,-0.10463740114712752,-0.47454519624983954,-0.4736736092984604,-0.3443878770215141,False,False,True
0,3,0,-0.41203677443229225,-0.47454519624983954,-0.4736736092984604,-0.49145565916975514,False,False,True
0,3,0,-0.9499856776813305,-0.47454519624983954,-0.4736736092984604,-0.47400492578514347,False,False,True
0,3,1,-0.6425863043961658,-0.47454519624983954,-0.4736736092984604,-0.49237782784290063,False,True,False
0,3,1,-0.10463740114712752,-0.47454519624983954,-0.4736736092984604,-0.4948100980550399,False,True,False
0,3,1,0.5870111887444931,-0.47454519624983954,-0.4736736092984604,-0.455380340137554,False,False,True
1,2,1,0.27961181545932834,-0.47454519624983954,2.0089333664952354,-0.12491978668775715,False,False,True
1,1,0,-0.10463740114712752,-0.47454519624983954,-0.4736736092984604,-0.11384570873513637,False,False,True
0,3,0,-0.10463740114712752,-0.47454519624983954,-0.4736736092984604,-0.1948878246611338,False,False,True
1,3,0,-0.2583370877897099,-0.47454519624983954,-0.4736736092984604,0.48910360681684706,False,False,True
1,3,0,-0.027787557825836348,-0.47454519624983954,-0.4736736092984604,-0.49237782784290063,False,True,False
0,3,0,-0.10463740114712752,-0.47454519624983954,-0.4736736092984604,-0.4863374216869257,False,False,True
1,1,0,0.5101613454232019,-0.47454519624983954,-0.4736736092984604,-0.11913106412161445,False,False,True
1,1,1,1.893458525206443,0.4327933656785018,-0.4736736092984604,0.5475787653441219,True,False,False
0,3,0,-0.41203677443229225,-0.47454519624983954,-0.4736736092984604,-0.4974960653257301,False,False,True
0,1,0,1.3555096219574048,-0.47454519624983954,-0.4736736092984604,0.036576512298389464,False,False,True
1,2,1,0.35646165878061953,-0.47454519624983954,-0.4736736092984604,-0.43700743807979686,False,False,True
0,3,0,-0.10463740114712752,-0.47454519624983954,-0.4736736092984604,-0.1621689579829361,False,True,False
1,2,1,0.5101613454232019,0.4327933656785018,-0.4736736092984604,-0.12491978668775715,False,False,True
0,3,0,0.20276197213803718,-0.47454519624983954,-0.4736736092984604,-0.4894421904510968,False,False,True
0,3,0,-0.5657364610748746,-0.47454519624983954,-0.4736736092984604,-0.4894421904510968,False,False,True
0,3,0,-0.10463740114712752,-0.47454519624983954,-0.4736736092984604,-0.5029485386158568,True,False,False
1,1,1,1.1249600919935314,-0.47454519624983954,0.7676298785983874,0.5189714017894245,True,False,False
0,3,0,-0.10463740114712752,-0.47454519624983954,-0.4736736092984604,-0.5028639729296732,True,False,False
0,3,0,0.8559856403690123,-0.47454519624983954,-0.4736736092984604,-0.49237782784290063,False,True,False
1,2,1,1.5860591519212783,-0.47454519624983954,-0.4736736092984604,-0.43700743807979686,False,False,True
0,3,0,0.7407108753870755,-0.47454519624983954,-0.4736736092984604,-0.4888542575852486,False,False,True
0,2,0,-0.48888661775358344,1.340131927606843,0.7676298785983874,-0.41687275089321363,False,False,True
0,3,0,-0.10463740114712752,-0.47454519624983954,-0.4736736092984604,-0.5028639729296732,True,False,False
0,3,0,-0.9499856776813305,0.4327933656785018,0.7676298785983874,-0.5028639729296732,True,False,False
1,3,1,-0.10463740114712752,-0.47454519624983954,2.0089333664952354,-0.19824427701513722,True,False,False
0,3,1,0.04906228549545483,-0.47454519624983954,-0.4736736092984604,-0.47400492578514347,False,False,True
1,2,1,-1.7184841108942424,-0.47454519624983954,2.0089333664952354,-0.11988611489111134,False,False,True
0,1,0,1.2018099353148226,-0.47454519624983954,-0.4736736092984604,-0.11384570873513637,False,False,True
0,3,0,-0.10463740114712752,-0.47454519624983954,-0.4736736092984604,-0.35646868933346404,False,False,True
1,1,1,-0.5657364610748746,-0.47454519624983954,2.0089333664952354,0.3482453621969482,True,False,False
0,3,1,-1.56478442425166,3.1548090514635256,2.0089333664952354,-0.01870931177853076,False,False,True
0,3,1,-1.4110847376090776,3.1548090514635256,2.0089333664952354,-0.01870931177853076,False,False,True
1,2,0,0.20276197213803718,0.4327933656785018,-0.4736736092984604,-0.12491978668775715,False,False,True
1,2,1,-0.7962859910387481,0.4327933656785018,-0.4736736092984604,-0.12491978668775715,False,False,True
1,2,0,-0.10463740114712752,-0.47454519624983954,-0.4736736092984604,-0.3693045524149108,True,False,False
0,3,0,0.27961181545932834,0.4327933656785018,0.7676298785983874,-0.2351571990343002,False,False,True
1,2,0,-1.6416342675729512,0.4327933656785018,0.7676298785983874,0.09152810056801232,False,False,True
0,2,0,-0.1814872444684187,-0.47454519624983954,-0.4736736092984604,-0.12491978668775715,False,False,True
0,3,0,-0.10463740114712752,-0.47454519624983954,-0.4736736092984604,-0.49078316061772326,False,True,False
1,3,0,-0.5657364610748746,-0.47454519624983954,-0.4736736092984604,-0.5029485386158568,True,False,False
1,3,1,-0.5657364610748746,-0.47454519624983954,-0.4736736092984604,-0.4918744606632361,False,False,True
1,1,1,1.432359465278696,0.4327933656785018,-0.4736736092984604,0.1489119590497745,True,False,False
1,3,1,0.5101613454232019,0.4327933656785018,-0.4736736092984604,-0.29807809649237277,False,False,True
0,3,0,-0.10463740114712752,-0.47454519624983954,-0.4736736092984604,-0.49237782784290063,False,True,False
0,3,0,0.8175607187083667,-0.47454519624983954,-0.4736736092984604,-0.4894421904510968,False,False,True
0,2,0,-0.10463740114712752,-0.47454519624983954,-0.4736736092984604,-0.3766033765200472,False,False,True
0,3,0,-0.10463740114712752,-0.47454519624983954,-0.4736736092984604,-0.4863374216869257,False,False,True
0,3,1,-0.10463740114712752,-0.47454519624983954,-0.4736736092984604,-0.4863374216869257,False,False,True
0,3,0,-0.41203677443229225,1.340131927606843,-0.4736736092984604,-0.1621689579829361,False,False,True
0,3,0,-0.7962859910387481,-0.47454519624983954,-0.4736736092984604,-0.4894421904510968,False,False,True
0,3,1,-0.027787557825836348,-0.47454519624983954,4.491540342288931,-0.22408312108167944,False,False,True
0,3,0,-0.10463740114712752,-0.47454519624983954,-0.4736736092984604,-0.5028639729296732,True,False,False
1,3,0,0.20276197213803718,-0.47454519624983954,-0.4736736092984604,-0.4902797934380587,False,False,True
1,1,1,1.816608681885152,1.340131927606843,-0.4736736092984604,0.38809593507663365,False,False,True
1,1,0,0.5101613454232019,-0.47454519624983954,-0.4736736092984604,-0.11711759540295616,False,False,True
1,3,1,-0.10463740114712752,-0.47454519624983954,-0.4736736092984604,-0.49237782784290063,False,True,False
0,3,0,-1.0268355210026217,-0.47454519624983954,-0.4736736092984604,-0.4863374216869257,False,False,True
0,3,0,-0.7962859910387481,-0.47454519624983954,-0.4736736092984604,-0.35646868933346404,False,False,True
1,2,1,0.35646165878061953,-0.47454519624983954,-0.4736736092984604,-0.3866707201133388,False,False,True
1,1,1,0.7407108753870755,0.4327933656785018,-0.4736736092984604,0.4771073601910807,False,False,True
0,3,1,-0.10463740114712752,0.4327933656785018,-0.4736736092984604,-0.3573083057891445,True,False,False
1,3,0,0.20276197213803718,-0.47454519624983954,-0.4736736092984604,-0.4888542575852486,False,False,True
1,2,1,-0.33518693111100106,0.4327933656785018,0.7676298785983874,-0.04438103794142432,False,False,True
0,2,0,1.893458525206443,-0.47454519624983954,-0.4736736092984604,-0.12491978668775715,False,False,True
0,1,0,0.5101613454232019,-0.47454519624983954,-0.4736736092984604,0.15948266982273065,True,False,False
0,3,0,-0.10463740114712752,-0.47454519624983954,-0.4736736092984604,-0.47299819142581434,True,False,False
0,2,0,1.3555096219574048,-0.47454519624983954,-0.4736736092984604,-0.3464013457401724,False,False,True
0,3,0,-0.5657364610748746,-0.47454519624983954,-0.4736736092984604,-0.4863374216869257,False,False,True
0,3,0,-0.10463740114712752,-0.47454519624983954,-0.4736736092984604,-0.4863374216869257,False,False,True
0,3,0,0.4333115021019107,-0.47454519624983954,-0.4736736092984604,-0.5049620073345151,False,False,True
0,3,0,1.3555096219574048,-0.47454519624983954,-0.4736736092984604,-0.5024451714361923,False,False,True
0,3,1,-0.10463740114712752,-0.47454519624983954,2.0089333664952354,-0.49237782784290063,False,True,False
0,2,0,0.5870111887444931,0.4327933656785018,-0.4736736092984604,-0.12491978668775715,False,False,True
0,3,0,0.5101613454232019,0.4327933656785018,0.7676298785983874,-0.1621689579829361,False,False,True
1,2,1,-0.10463740114712752,-0.47454519624983954,-0.4736736092984604,0.016023023618325298,False,False,True
0,3,0,1.5092093085999871,-0.47454519624983954,-0.4736736092984604,-0.6484216535389205,False,False,True
0,3,0,-0.10463740114712752,-0.47454519624983954,-0.4736736092984604,-0.5029485386158568,True,False,False
1,1,0,1.5092093085999871,0.4327933656785018,-0.4736736092984604,0.49782998024351216,True,False,False
1,2,1,-0.41203677443229225,1.340131927606843,0.7676298785983874,-0.10478509950117394,False,False,True
0,3,0,-0.10463740114712752,-0.47454519624983954,-0.4736736092984604,-0.4894421904510968,False,False,True
0,1,0,-0.10463740114712752,-0.47454519624983954,-0.4736736092984604,0.2052890831722074,False,False,True
0,3,0,1.1249600919935314,-0.47454519624983954,-0.4736736092984604,-0.4863374216869257,False,False,True
1,1,0,0.4333115021019107,-0.47454519624983954,-0.4736736092984604,-0.11384570873513637,True,False,False
0,3,0,0.5101613454232019,0.4327933656785018,-0.4736736092984604,-0.3353272677875516,False,False,True
0,3,0,0.04906228549545483,-0.47454519624983954,-0.4736736092984604,-0.4894421904510968,False,False,True
1,1,0,-0.1814872444684187,-0.47454519624983954,-0.4736736092984604,-0.034313694348132716,False,False,True
1,2,1,-0.5657364610748746,0.4327933656785018,2.0089333664952354,0.18876253192945994,True,False,False
0,3,1,0.7407108753870755,0.4327933656785018,5.73284383018578,-0.01870931177853076,False,False,True
0,3,0,-0.10463740114712752,-0.47454519624983954,-0.4736736092984604,-0.5064721088735089,False,False,True
1,3,1,-0.10463740114712752,0.4327933656785018,-0.4736736092984604,-0.3363340021468808,False,True,False
0,3,0,-0.10463740114712752,-0.47454519624983954,-0.4736736092984604,-0.49237782784290063,False,True,False
0,3,0,0.4333115021019107,-0.47454519624983954,-0.4736736092984604,-0.4863374216869257,False,False,True
0,3,0,0.35646165878061953,0.4327933656785018,0.7676298785983874,-0.35848215805212236,False,False,True
0,3,1,-0.2583370877897099,0.4327933656785018,-0.4736736092984604,-0.32425318983493084,False,False,True
1,2,1,-1.949033640858116,1.340131927606843,0.7676298785983874,0.13683114673782454,False,False,True
0,2,0,-0.2583370877897099,-0.47454519624983954,-0.4736736092984604,-0.43700743807979686,False,False,True
0,3,0,-0.1814872444684187,0.4327933656785018,-0.4736736092984604,-0.3573908580066095,True,False,False
1,1,0,0.9712604053509489,0.4327933656785018,-0.4736736092984604,0.40974072380221066,False,False,True
1,3,0,-0.719436147717457,0.4327933656785018,0.7676298785983874,-0.33146744825388363,True,False,False
0,3,0,-0.6425863043961658,-0.47454519624983954,-0.4736736092984604,-0.4902797934380587,False,False,True
0,3,0,-0.6425863043961658,-0.47454519624983954,-0.4736736092984604,-0.32425318983493084,False,False,True
0,3,0,-0.2583370877897099,-0.47454519624983954,-0.4736736092984604,-0.4894421904510968,False,False,True
0,3,0,-0.10463740114712752,-0.47454519624983954,-0.4736736092984604,-0.49271407711891657,False,True,False
0,3,0,1.6629089952425695,-0.47454519624983954,-0.4736736092984604,-0.5063875431873253,False,False,True
1,1,0,0.20276197213803718,-0.47454519624983954,-0.4736736092984604,-0.034313694348132716,True,False,False
0,1,0,-0.10463740114712752,-0.47454519624983954,-0.4736736092984604,-0.6484216535389205,False,False,True
0,3,1,-1.56478442425166,2.2474704895351842,2.0089333664952354,-0.08666388103324908,False,False,True
1,2,1,-0.10463740114712752,-0.47454519624983954,-0.4736736092984604,-0.3866707201133388,False,False,True
0,3,0,0.20276197213803718,-0.47454519624983954,-0.4736736092984604,-0.4888542575852486,False,False,True
0,2,0,0.12591212881674602,0.4327933656785018,0.7676298785983874,-0.11988611489111134,False,False,True
0,3,1,0.8944105620296577,-0.47454519624983954,5.73284383018578,0.1506737441786005,False,False,True
0,3,0,-0.10463740114712752,0.4327933656785018,-0.4736736092984604,-0.32425318983493084,False,False,True
0,3,0,-0.719436147717457,-0.47454519624983954,-0.4736736092984604,-0.4902797934380587,False,False,True
1,3,0,-0.10463740114712752,-0.47454519624983954,-0.4736736092984604,0.48910360681684706,False,False,True
0,3,0,-0.7962859910387481,-0.47454519624983954,-0.4736736092984604,-0.4894421904510968,False,False,True
0,3,0,-0.10463740114712752,-0.47454519624983954,-0.4736736092984604,-0.49640476528021726,False,False,True
1,3,1,-0.48888661775358344,-0.47454519624983954,-0.4736736092984604,-0.49640476528021726,False,False,True
0,3,0,-0.10463740114712752,-0.47454519624983954,-0.4736736092984604,-0.4894421904510968,False,False,True
1,2,1,-0.8731358343600393,-0.47454519624983954,0.7676298785983874,-0.18532384824750675,False,False,True
0,3,0,-0.6425863043961658,-0.47454519624983954,-0.4736736092984604,-0.47861979608830835,False,False,True
1,3,1,-0.10463740114712752,-0.47454519624983954,-0.4736736092984604,-0.49078316061772326,False,True,False
0,3,1,-0.8731358343600393,-0.47454519624983954,-0.4736736092984604,-0.5125125150294839,False,True,False
0,3,0,-0.10463740114712752,-0.47454519624983954,-0.4736736092984604,-0.4894421904510968,False,False,True
0,3,1,0.20276197213803718,0.4327933656785018,0.7676298785983874,-0.3363340021468808,False,True,False
0,2,0,-0.48888661775358344,-0.47454519624983954,-0.4736736092984604,-0.3866707201133388,False,False,True
0,3,0,0.8175607187083667,-0.47454519624983954,-0.4736736092984604,-0.5029485386158568,True,False,False
0,1,0,1.3555096219574048,-0.47454519624983954,-0.4736736092984604,-0.13322534515222276,False,False,True
0,3,0,0.5101613454232019,-0.47454519624983954,-0.4736736092984604,-0.4974960653257301,False,False,True
1,3,0,-0.719436147717457,0.4327933656785018,-0.4736736092984604,-0.4888542575852486,False,False,True
0,2,0,-0.33518693111100106,-0.47454519624983954,-0.4736736092984604,-0.3866707201133388,False,False,True
0,3,0,-0.10463740114712752,-0.47454519624983954,-0.4736736092984604,-0.4918744606632361,False,False,True
0,3,0,1.0481102486722402,-0.47454519624983954,-0.4736736092984604,-0.4863374216869257,False,False,True
1,1,1,-0.10463740114712752,0.4327933656785018,-0.4736736092984604,0.39858208016340624,False,False,True
1,2,1,0.8175607187083667,0.4327933656785018,0.7676298785983874,0.13683114673782454,False,False,True
0,1,0,0.12591212881674602,0.4327933656785018,-0.4736736092984604,0.39858208016340624,False,False,True
1,2,0,0.12591212881674602,-0.47454519624983954,-0.4736736092984604,-0.3866707201133388,False,False,True
0,2,0,-0.10463740114712752,-0.47454519624983954,-0.4736736092984604,-0.6484216535389205,False,False,True
0,3,0,-0.8731358343600393,-0.47454519624983954,-0.4736736092984604,-0.4918744606632361,False,False,True
0,3,0,-0.37361185277164666,-0.47454519624983954,-0.4736736092984604,-0.4863374216869257,False,False,True
1,3,1,-0.8731358343600393,-0.47454519624983954,-0.4736736092984604,-0.45026210265472455,False,False,True
0,3,1,1.0481102486722402,0.4327933656785018,6.974147318082627,0.2958951755118318,False,False,True
0,3,1,-0.10463740114712752,-0.47454519624983954,-0.4736736092984604,-0.48457563655809965,False,True,False
0,3,0,-0.719436147717457,-0.47454519624983954,-0.4736736092984604,-0.4626791642426904,False,False,True
0,3,0,-1.180535207645204,4.0621476133918675,2.0089333664952354,0.2958951755118318,False,False,True
0,2,0,-0.33518693111100106,0.4327933656785018,2.0089333664952354,0.18876253192945994,True,False,False
0,3,0,-1.180535207645204,3.1548090514635256,0.7676298785983874,0.1506737441786005,False,False,True
0,3,0,-0.7962859910387481,-0.47454519624983954,-0.4736736092984604,-0.44363577710162005,False,False,True
0,3,0,-0.8731358343600393,-0.47454519624983954,-0.4736736092984604,-0.49145565916975514,False,False,True
1,1,0,0.12591212881674602,0.4327933656785018,-0.4736736092984604,0.49925551609632224,False,False,True
1,3,1,-1.949033640858116,-0.47454519624983954,0.7676298785983874,-0.37828059596268965,True,False,False
1,3,0,-0.10463740114712752,-0.47454519624983954,-0.4736736092984604,0.48910360681684706,False,False,True
0,3,0,-0.33518693111100106,-0.47454519624983954,-0.4736736092984604,-0.5029485386158568,True,False,False
0,2,0,1.7397588385638607,-0.47454519624983954,-0.4736736092984604,-0.3766033765200472,False,False,True
0,3,0,1.1249600919935314,-0.47454519624983954,-0.4736736092984604,-0.4863374216869257,False,False,True
1,3,1,-0.10463740114712752,-0.47454519624983954,-0.4736736092984604,-0.49271407711891657,False,True,False
0,3,0,0.9712604053509489,-0.47454519624983954,-0.4736736092984604,-0.494391296561559,False,False,True
1,1,0,0.4333115021019107,-0.47454519624983954,-0.4736736092984604,-0.11913106412161445,False,False,True
0,3,1,-0.8731358343600393,-0.47454519624983954,0.7676298785983874,-0.3573908580066095,True,False,False
0,3,0,-0.33518693111100106,-0.47454519624983954,-0.4736736092984604,-0.4925449457465493,False,True,False
0,3,0,-0.2583370877897099,0.4327933656785018,-0.4736736092984604,-0.4902797934380587,False,False,True
0,2,0,0.7407108753870755,-0.47454519624983954,-0.4736736092984604,-0.12491978668775715,False,False,True
1,2,1,1.2018099353148226,-0.47454519624983954,-0.4736736092984604,-0.3766033765200472,False,False,True
1,1,0,0.9712604053509489,-0.47454519624983954,-0.4736736092984604,-0.11913106412161445,False,False,True
1,3,0,-0.10463740114712752,0.4327933656785018,0.7676298785983874,-0.3414522396297103,True,False,False
1,1,1,-0.41203677443229225,-0.47454519624983954,-0.4736736092984604,0.3483299278831318,True,False,False
0,1,0,-0.10463740114712752,-0.47454519624983954,-0.4736736092984604,-0.11384570873513637,False,False,True
1,1,0,1.432359465278696,0.4327933656785018,-0.4736736092984604,0.39858208016340624,False,False,True
0,3,0,-0.027787557825836348,-0.47454519624983954,-0.4736736092984604,-0.457478374542396,False,False,True
0,2,0,1.7397588385638607,-0.47454519624983954,-0.4736736092984604,-0.3866707201133388,False,False,True
0,3,0,-0.7962859910387481,-0.47454519624983954,-0.4736736092984604,-0.494391296561559,False,False,True
1,2,1,-0.1814872444684187,-0.47454519624983954,-0.4736736092984604,-0.43700743807979686,False,False,True
0,3,0,-0.10463740114712752,-0.47454519624983954,-0.4736736092984604,-0.3363340021468808,False,True,False
0,3,0,0.27961181545932834,-0.47454519624983954,-0.4736736092984604,-0.4918744606632361,False,False,True
1,2,1,-1.7953339542155335,-0.47454519624983954,0.7676298785983874,0.016023023618325298,False,False,True
0,3,0,-0.9499856776813305,0.4327933656785018,-0.4736736092984604,-0.5063875431873253,False,False,True
0,2,0,0.35646165878061953,-0.47454519624983954,-0.4736736092984604,-0.3866707201133388,False,False,True
0,2,0,1.5860591519212783,-0.47454519624983954,-0.4736736092984604,-0.3866707201133388,False,False,True
1,1,0,-0.1814872444684187,0.4327933656785018,-0.4736736092984604,0.4207302360686478,False,False,True
0,3,0,-0.719436147717457,-0.47454519624983954,-0.4736736092984604,-0.47400492578514347,False,False,True
1,2,1,0.04906228549545483,2.2474704895351842,-0.4736736092984604,-0.22559322262067316,False,False,True
1,3,1,-0.10463740114712752,-0.47454519624983954,-0.4736736092984604,-0.4926295114327329,False,True,False
0,2,0,-0.33518693111100106,0.4327933656785018,-0.4736736092984604,-0.12491978668775715,False,False,True
0,3,1,-0.33518693111100106,0.4327933656785018,-0.4736736092984604,-0.4888542575852486,False,False,True
0,3,0,-1.4110847376090776,-0.47454519624983954,-0.4736736092984604,-0.2701412180209885,True,False,False
0,2,0,-0.10463740114712752,-0.47454519624983954,-0.4736736092984604,-0.6484216535389205,False,False,True
0,2,0,-0.48888661775358344,-0.47454519624983954,-0.4736736092984604,-0.3866707201133388,False,False,True
0,2,0,-0.48888661775358344,-0.47454519624983954,-0.4736736092984604,-0.3866707201133388,False,False,True
0,3,0,-0.06621247948648194,-0.47454519624983954,-0.4736736092984604,-0.32425318983493084,False,False,True
0,3,1,1.432359465278696,0.4327933656785018,3.250236854392083,0.04370821849987721,False,False,True
0,3,0,-0.10463740114712752,-0.47454519624983954,-0.4736736092984604,-0.4894421904510968,False,False,True
0,3,0,-0.10463740114712752,-0.47454519624983954,-0.4736736092984604,-0.4894421904510968,False,False,True
1,1,0,-0.10463740114712752,-0.47454519624983954,-0.4736736092984604,-0.04438103794142432,False,False,True
0,3,0,-0.41203677443229225,0.4327933656785018,-0.4736736092984604,-0.32425318983493084,False,False,True
1,3,0,0.12591212881674602,-0.47454519624983954,-0.4736736092984604,-0.4888542575852486,False,False,True
0,3,0,-1.0268355210026217,0.4327933656785018,0.7676298785983874,-0.24069423801061057,False,False,True
1,2,1,0.04906228549545483,-0.47454519624983954,-0.4736736092984604,-0.3866707201133388,False,False,True
0,1,0,-0.7962859910387481,0.4327933656785018,-0.4736736092984604,0.4207302360686478,False,False,True
0,3,0,0.12591212881674602,-0.47454519624983954,-0.4736736092984604,-0.49237782784290063,False,True,False
1,2,1,-1.949033640858116,0.4327933656785018,0.7676298785983874,-0.18532384824750675,False,False,True
1,3,0,-1.7953339542155335,-0.47454519624983954,0.7676298785983874,-0.397241430886295,False,False,True
0,3,0,0.27961181545932834,-0.47454519624983954,-0.4736736092984604,-0.45714212526638004,False,False,True
0,3,0,-0.48888661775358344,-0.47454519624983954,-0.4736736092984604,-0.4894421904510968,False,False,True
0,3,0,-0.10463740114712752,-0.47454519624983954,-0.4736736092984604,-0.49145565916975514,False,False,True
0,2,0,-0.8731358343600393,-0.47454519624983954,-0.4736736092984604,-0.41687275089321363,False,False,True
0,3,0,0.35646165878061953,-0.47454519624983954,-0.4736736092984604,-0.4863374216869257,False,False,True
0,3,0,-0.10463740114712752,-0.47454519624983954,-0.4736736092984604,-0.35646868933346404,False,False,True
0,3,0,0.8944105620296577,-0.47454519624983954,-0.4736736092984604,-0.5049620073345151,False,False,True
1,3,0,-0.719436147717457,-0.47454519624983954,-0.4736736092984604,-0.5028639729296732,True,False,False
0,3,0,-1.0268355210026217,-0.47454519624983954,-0.4736736092984604,-0.4918744606632361,False,False,True
0,1,0,-0.10463740114712752,-0.47454519624983954,-0.4736736092984604,0.1489119590497745,True,False,False
0,3,1,0.08748720715610042,-0.47454519624983954,-0.4736736092984604,-0.49237782784290063,False,True,False
0,3,0,-0.10463740114712752,0.4327933656785018,-0.4736736092984604,-0.1621689579829361,False,True,False
0,3,0,0.20276197213803718,-0.47454519624983954,-0.4736736092984604,-0.4800453319411184,False,False,True
0,3,0,-0.41203677443229225,-0.47454519624983954,-0.4736736092984604,-0.45714212526638004,False,False,True
0,3,0,1.432359465278696,-0.47454519624983954,-0.4736736092984604,-0.4902797934380587,False,False,True
0,3,0,-0.10463740114712752,-0.47454519624983954,-0.4736736092984604,-0.5029485386158568,True,False,False
1,2,1,1.893458525206443,0.4327933656785018,3.250236854392083,-0.18532384824750675,False,False,True
0,3,0,-0.8731358343600393,-0.47454519624983954,-0.4736736092984604,-0.49237782784290063,False,False,True
0,3,0,-0.10463740114712752,-0.47454519624983954,-0.4736736092984604,-0.49237782784290063,False,True,False
1,3,1,-1.8721837975368247,-0.47454519624983954,-0.4736736092984604,-0.397241430886295,False,False,True
0,3,0,-0.10463740114712752,-0.47454519624983954,-0.4736736092984604,-0.4926295114327329,False,True,False
1,3,1,-1.2573850509664952,-0.47454519624983954,-0.4736736092984604,-0.5028639729296732,True,False,False
1,1,1,-0.9499856776813305,0.4327933656785018,-0.4736736092984604,0.49925551609632224,False,False,True
0,1,0,-0.027787557825836348,-0.47454519624983954,-0.4736736092984604,-0.04438103794142432,False,False,True
0,3,0,-0.10463740114712752,0.4327933656785018,2.0089333664952354,-0.17626323901354432,False,False,True
0,3,0,-0.33518693111100106,-0.47454519624983954,-0.4736736092984604,-0.5064721088735089,False,False,True
0,3,0,-0.33518693111100106,-0.47454519624983954,-0.4736736092984604,-0.5024451714361923,False,False,True
1,3,1,-0.8731358343600393,-0.47454519624983954,-0.4736736092984604,-0.4974960653257301,False,False,True
0,3,0,-1.6416342675729512,3.1548090514635256,0.7676298785983874,-0.06199888922968463,False,True,False
0,3,0,-0.10463740114712752,-0.47454519624983954,-0.4736736092984604,-0.49237782784290063,False,True,False
0,2,0,-1.0268355210026217,-0.47454519624983954,-0.4736736092984604,-0.12491978668775715,False,False,True
0,1,0,-0.10463740114712752,-0.47454519624983954,-0.4736736092984604,-0.030371322596999754,True,False,False
0,3,0,-0.33518693111100106,-0.47454519624983954,-0.4736736092984604,-0.4894421904510968,False,False,True
0,2,0,0.7407108753870755,-0.47454519624983954,-0.4736736092984604,-0.3866707201133388,False,False,True
1,1,1,1.5092093085999871,-0.47454519624983954,-0.4736736092984604,-0.1263453225405672,False,False,True
1,3,1,0.12591212881674602,-0.47454519624983954,-0.4736736092984604,-0.4735861242916626,False,False,True
0,3,0,0.04906228549545483,-0.47454519624983954,-0.4736736092984604,-0.5028639729296732,True,False,False
0,3,1,0.04906228549545483,0.4327933656785018,0.7676298785983874,-0.1621689579829361,False,False,True
0,2,0,0.35646165878061953,-0.47454519624983954,-0.4736736092984604,-0.3866707201133388,False,False,True
1,2,1,0.12591212881674602,0.4327933656785018,0.7676298785983874,-0.11988611489111134,False,False,True
1,3,0,-0.1814872444684187,-0.47454519624983954,-0.4736736092984604,-0.5079822104125026,False,False,True
0,3,0,0.12591212881674602,-0.47454519624983954,-0.4736736092984604,-0.4918744606632361,False,False,True
0,1,0,0.7407108753870755,-0.47454519624983954,-0.4736736092984604,-0.6484216535389205,False,False,True
0,3,1,-0.8731358343600393,-0.47454519624983954,-0.4736736092984604,-0.4918744606632361,False,False,True
0,2,0,0.7407108753870755,-0.47454519624983954,-0.4736736092984604,-0.3866707201133388,False,False,True
1,1,1,0.27961181545932834,0.4327933656785018,-0.4736736092984604,0.4207302360686478,False,False,True
0,3,0,-0.2583370877897099,-0.47454519624983954,-0.4736736092984604,-0.4896093083547455,False,False,True
0,3,0,0.7407108753870755,-0.47454519624983954,-0.4736736092984604,-0.1621689579829361,False,False,True
0,2,0,0.4333115021019107,-0.47454519624983954,-0.4736736092984604,-0.43700743807979686,False,False,True
0,3,1,-1.7953339542155335,3.1548090514635256,2.0089333664952354,-0.01870931177853076,False,False,True
0,3,0,0.08748720715610042,-0.47454519624983954,-0.4736736092984604,-0.4863374216869257,False,False,True
0,1,0,-0.10463740114712752,-0.47454519624983954,-0.4736736092984604,-0.6484216535389205,False,False,True
0,3,1,-0.48888661775358344,-0.47454519624983954,-0.4736736092984604,-0.4888542575852486,False,False,True
0,2,0,0.12591212881674602,0.4327933656785018,0.7676298785983874,0.09664633805084172,True,False,False
0,3,0,1.0481102486722402,-0.47454519624983954,-0.4736736092984604,-0.5185529211854588,False,False,True
0,3,0,-1.4879345809303688,2.2474704895351842,2.0089333664952354,-0.08666388103324908,False,False,True
1,3,0,-0.1814872444684187,-0.47454519624983954,-0.4736736092984604,-0.47400492578514347,False,False,True
0,1,0,0.6638610320657843,-0.47454519624983954,-0.4736736092984604,-0.6484216535389205,False,False,True
1,3,1,-0.1814872444684187,-0.47454519624983954,0.7676298785983874,-0.397241430886295,False,False,True
0,3,0,-0.10463740114712752,-0.47454519624983954,-0.4736736092984604,-0.5084855775921673,False,True,False
0,3,0,-0.10463740114712752,-0.47454519624983954,-0.4736736092984604,0.48910360681684706,False,False,True
1,3,0,-0.10463740114712752,-0.47454519624983954,-0.4736736092984604,-0.49237782784290063,False,True,False
1,3,1,-1.1036853643239128,0.4327933656785018,-0.4736736092984604,-0.3573908580066095,True,False,False
0,3,0,-0.10463740114712752,-0.47454519624983954,-0.4736736092984604,-0.5028639729296732,True,False,False
0,3,0,-0.48888661775358344,-0.47454519624983954,-0.4736736092984604,-0.4902797934380587,False,False,True
0,3,0,-0.8731358343600393,-0.47454519624983954,-0.4736736092984604,-0.48130374989027985,False,False,True
0,3,0,-0.6425863043961658,-0.47454519624983954,-0.4736736092984604,-0.47400492578514347,False,False,True
0,3,0,-0.10463740114712752,-0.47454519624983954,-0.4736736092984604,-0.4863374216869257,False,False,True
1,3,0,0.20276197213803718,-0.47454519624983954,-0.4736736092984604,0.48910360681684706,False,False,True
1,1,0,-0.10463740114712752,-0.47454519624983954,-0.4736736092984604,-0.05042144409739929,True,False,False
0,3,0,-0.719436147717457,-0.47454519624983954,-0.4736736092984604,-0.4888542575852486,False,False,True
0,2,0,-1.0268355210026217,-0.47454519624983954,-0.4736736092984604,-0.43700743807979686,False,False,True
1,1,1,0.04906228549545483,-0.47454519624983954,-0.4736736092984604,-0.024246350754841113,True,False,False
0,3,0,0.3948865804412651,-0.47454519624983954,-0.4736736092984604,-0.5188046047752911,True,False,False
0,3,0,-0.9499856776813305,-0.47454519624983954,-0.4736736092984604,-0.47400492578514347,False,False,True
0,3,0,0.9712604053509489,-0.47454519624983954,-0.4736736092984604,-0.49640476528021726,False,False,True
0,3,0,0.4333115021019107,-0.47454519624983954,-0.4736736092984604,-0.4894421904510968,True,False,False
0,2,0,-0.10463740114712752,-0.47454519624983954,0.7676298785983874,0.016023023618325298,False,False,True
0,3,0,-1.949033640858116,3.1548090514635256,2.0089333664952354,-0.01870931177853076,False,False,True
0,3,1,-1.56478442425166,0.4327933656785018,0.7676298785983874,-0.3414522396297103,True,False,False
1,1,1,-1.0268355210026217,-0.47454519624983954,0.7676298785983874,0.14488502161245778,False,False,True
0,2,1,1.1249600919935314,0.4327933656785018,-0.4736736092984604,-0.12491978668775715,False,False,True
1,3,1,-0.8731358343600393,-0.47454519624983954,0.7676298785983874,-0.4601623283443675,False,False,True
1,1,0,1.6629089952425695,-0.47454519624983954,-0.4736736092984604,-0.11384570873513637,False,False,True
1,3,1,-0.41203677443229225,-0.47454519624983954,3.250236854392083,-0.26066180729354516,True,False,False
0,3,0,-0.10463740114712752,-0.47454519624983954,-0.4736736092984604,-0.5028639729296732,True,False,False
0,3,0,0.8944105620296577,1.340131927606843,-0.4736736092984604,-0.36435544630444866,False,False,True
0,2,0,-0.6425863043961658,0.4327933656785018,-0.4736736092984604,-0.41687275089321363,False,False,True
1,1,1,1.432359465278696,-0.47454519624983954,-0.4736736092984604,-0.1263453225405672,False,False,True
0,2,0,-0.41203677443229225,-0.47454519624983954,-0.4736736092984604,-0.3866707201133388,False,False,True
1,2,1,0.9712604053509489,-0.47454519624983954,-0.4736736092984604,-0.3866707201133388,False,False,True
1,2,1,-0.1814872444684187,0.4327933656785018,-0.4736736092984604,-0.3693891181010945,True,False,False
0,1,0,0.12591212881674602,-0.47454519624983954,-0.4736736092984604,0.3682954836973478,False,False,True
0,3,0,-0.10463740114712752,-0.47454519624983954,-0.4736736092984604,-0.45714212526638004,False,False,True
1,3,0,-1.949033640858116,0.4327933656785018,0.7676298785983874,-0.4242561406845337,False,False,True
0,3,0,-0.2583370877897099,-0.47454519624983954,-0.4736736092984604,-0.4894421904510968,False,False,True
1,1,1,1.3555096219574048,0.4327933656785018,0.7676298785983874,0.40974072380221066,False,False,True
0,1,0,0.27961181545932834,-0.47454519624983954,-0.4736736092984604,-0.5477482176060045,False,False,True
0,3,0,1.3555096219574048,-0.47454519624983954,-0.4736736092984604,-0.46720946885967163,False,False,True
1,2,1,-0.10463740114712752,0.4327933656785018,-0.4736736092984604,-0.16518916106092355,True,False,False
1,3,1,-1.1036853643239128,-0.47454519624983954,-0.4736736092984604,-0.5029485386158568,True,False,False
0,3,0,-0.719436147717457,-0.47454519624983954,-0.4736736092984604,-0.45017955043725955,False,False,True
0,3,0,-0.7962859910387481,-0.47454519624983954,-0.4736736092984604,-0.4894421904510968,False,False,True
0,3,0,-0.10463740114712752,-0.47454519624983954,-0.4736736092984604,-0.4894421904510968,False,False,True
1,2,1,-0.33518693111100106,-0.47454519624983954,0.7676298785983874,-0.12491978668775715,False,False,True
0,3,0,0.27961181545932834,-0.47454519624983954,-0.4736736092984604,-0.4894421904510968,False,False,True
0,3,1,-0.5657364610748746,-0.47454519624983954,-0.4736736092984604,-0.4366711888037809,False,False,True
0,2,0,-0.10463740114712752,-0.47454519624983954,-0.4736736092984604,-0.43700743807979686,False,False,True
0,3,0,-0.33518693111100106,-0.47454519624983954,-0.4736736092984604,-0.5064721088735089,False,False,True
0,3,1,0.7407108753870755,-0.47454519624983954,5.73284383018578,-0.06199888922968463,False,True,False
0,2,0,-0.1814872444684187,-0.47454519624983954,-0.4736736092984604,-0.3866707201133388,False,False,True
1,1,1,-0.7962859910387481,-0.47454519624983954,-0.4736736092984604,-0.04438103794142432,False,False,True
0,3,1,-0.10463740114712752,0.4327933656785018,2.0089333664952354,-0.17626323901354432,False,False,True
1,1,0,-0.2583370877897099,-0.47454519624983954,-0.4736736092984604,-0.04438103794142432,True,False,False
0,3,0,0.20276197213803718,-0.47454519624983954,-0.4736736092984604,-0.49237782784290063,False,True,False
