price,area,bedrooms,bathrooms,stories,mainroad,guestroom,basement,hotwaterheating,airconditioning,parking,prefarea,furnish_furnished,furnish_semi-furnished,furnish_unfurnished
9100000,0.4526093050359049,1.4477487605705137,-0.5612539128985613,0.24561403508771923,1,0,1,0,0,1.5855320918490219,0,False,True,False
9100000,0.7419764257375963,1.4477487605705137,1.5942864772191023,0.24561403508771923,1,1,1,0,1,0.39862247506938686,1,False,False,True
8960000,1.6583056412929524,0.0775579693162778,1.5942864772191023,2.570175438596491,1,0,0,0,1,1.5855320918490219,0,True,False,False
8890000,-0.22258064326804164,0.0775579693162778,1.5942864772191023,0.24561403508771923,1,1,0,0,1,1.5855320918490219,0,True,False,False
8855000,0.6551662895270889,0.0775579693162778,1.5942864772191023,0.24561403508771923,1,0,0,0,1,0.39862247506938686,1,False,True,False
8750000,-0.35761863292883095,0.0775579693162778,-0.5612539128985613,0.24561403508771923,1,0,1,1,0,1.5855320918490219,0,False,True,False
8680000,1.0096410123866608,0.0775579693162778,1.5942864772191023,-0.9166666666666667,1,1,1,0,1,1.5855320918490219,0,False,False,True
8645000,1.441280300766684,0.0775579693162778,-0.5612539128985613,-0.9166666666666667,1,1,1,0,1,0.39862247506938686,0,True,False,False
8645000,-0.2418717846481544,0.0775579693162778,1.5942864772191023,0.24561403508771923,1,1,1,0,1,0.39862247506938686,0,True,False,False
8575000,1.802989201643798,0.0775579693162778,1.5942864772191023,0.24561403508771923,1,0,0,0,1,1.5855320918490219,0,True,False,False
8540000,0.7130397136674271,1.4477487605705137,1.5942864772191023,0.24561403508771923,1,1,1,0,1,1.5855320918490219,1,True,False,False
8463000,0.4526093050359049,0.0775579693162778,1.5942864772191023,2.570175438596491,1,1,1,0,1,-0.788287141710248,1,False,True,False
8400000,1.8391600917315094,0.0775579693162778,-0.5612539128985613,-0.9166666666666667,1,0,0,0,0,0.39862247506938686,0,False,True,False
8400000,1.3930524473164019,2.81793955182475,1.5942864772191023,0.24561403508771923,1,0,1,1,0,1.5855320918490219,0,False,False,True
8400000,0.21147003778449544,1.4477487605705137,1.5942864772191023,0.24561403508771923,1,0,1,0,1,0.39862247506938686,1,False,True,False
8400000,1.1639701434275629,0.0775579693162778,1.5942864772191023,2.570175438596491,1,0,0,0,1,1.5855320918490219,0,False,False,True
8400000,0.9348878395387239,0.0775579693162778,-0.5612539128985613,2.570175438596491,1,0,0,0,1,1.5855320918490219,0,False,True,False
8295000,-0.08754265360725232,1.4477487605705137,1.5942864772191023,0.24561403508771923,1,0,0,0,1,0.39862247506938686,1,True,False,False
8190000,0.4333181636557922,0.0775579693162778,3.749826867336766,0.24561403508771923,1,1,1,0,0,0.39862247506938686,0,False,False,True
8120000,0.8577232740182729,2.81793955182475,-0.5612539128985613,0.24561403508771923,1,1,1,0,1,0.39862247506938686,0,True,False,False
8080940,0.9348878395387239,0.0775579693162778,1.5942864772191023,2.570175438596491,1,0,0,0,1,1.5855320918490219,0,True,False,False
8043000,1.1673460931690827,0.0775579693162778,1.5942864772191023,1.407894736842105,1,0,0,1,0,0.39862247506938686,1,True,False,False
7980000,1.8994449085443619,1.4477487605705137,1.5942864772191023,2.570175438596491,1,0,0,0,1,1.5855320918490219,0,True,False,False
7962500,0.4526093050359049,0.0775579693162778,-0.5612539128985613,2.570175438596491,1,1,0,0,1,1.5855320918490219,0,False,False,True
7910000,0.4526093050359049,1.4477487605705137,1.5942864772191023,2.570175438596491,1,0,0,0,1,0.39862247506938686,0,False,True,False
7875000,0.7178624990124554,0.0775579693162778,-0.5612539128985613,0.24561403508771923,1,0,1,0,1,-0.788287141710248,1,True,False,False
7840000,0.6262295774569198,0.0775579693162778,1.5942864772191023,2.570175438596491,1,0,0,0,1,-0.788287141710248,1,True,False,False
7700000,0.684103001597258,0.0775579693162778,1.5942864772191023,2.570175438596491,1,0,0,0,1,1.5855320918490219,0,False,False,True
7700000,0.4526093050359049,1.4477487605705137,1.5942864772191023,2.570175438596491,1,0,0,0,0,1.5855320918490219,0,False,True,False
7560000,0.4526093050359049,1.4477487605705137,1.5942864772191023,2.570175438596491,1,0,0,0,1,0.39862247506938686,0,True,False,False
7560000,0.4526093050359049,0.0775579693162778,1.5942864772191023,1.407894736842105,1,0,0,0,1,-0.788287141710248,0,False,True,False
7525000,0.4526093050359049,0.0775579693162778,1.5942864772191023,2.570175438596491,1,0,0,0,1,0.39862247506938686,0,True,False,False
7490000,0.7419764257375963,0.0775579693162778,-0.5612539128985613,2.570175438596491,1,0,0,0,1,2.772441708628657,1,True,False,False
7455000,-0.36726420361888734,0.0775579693162778,1.5942864772191023,0.24561403508771923,1,0,1,0,0,0.39862247506938686,0,False,False,True
7420000,1.1470903947199642,0.0775579693162778,1.5942864772191023,-0.9166666666666667,1,1,1,0,1,-0.788287141710248,1,False,True,False
7420000,1.1470903947199642,0.0775579693162778,1.5942864772191023,2.570175438596491,1,0,0,0,0,0.39862247506938686,1,False,False,True
7420000,0.6093498287493211,0.0775579693162778,-0.5612539128985613,2.570175438596491,1,0,0,0,1,0.39862247506938686,0,False,False,True
7350000,0.4526093050359049,1.4477487605705137,1.5942864772191023,2.570175438596491,1,1,0,0,1,0.39862247506938686,0,True,False,False
7350000,0.042672550708508804,0.0775579693162778,1.5942864772191023,2.570175438596491,1,0,0,0,1,1.5855320918490219,0,False,True,False
7350000,0.4526093050359049,0.0775579693162778,1.5942864772191023,0.24561403508771923,1,1,0,0,1,0.39862247506938686,0,False,True,False
7350000,0.4526093050359049,0.0775579693162778,-0.5612539128985613,0.24561403508771923,1,0,0,0,1,0.39862247506938686,0,False,False,True
7343000,3.07620453273124,1.4477487605705137,-0.5612539128985613,0.24561403508771923,1,0,1,0,0,0.39862247506938686,1,False,True,False
7245000,1.8994449085443619,1.4477487605705137,1.5942864772191023,2.570175438596491,1,1,0,0,1,0.39862247506938686,1,True,False,False
7210000,1.2628372430006407,1.4477487605705137,1.5942864772191023,2.570175438596491,1,1,0,0,1,0.39862247506938686,0,False,True,False
7210000,0.4526093050359049,0.0775579693162778,1.5942864772191023,2.570175438596491,1,1,0,0,1,0.39862247506938686,0,True,False,False
7140000,0.4526093050359049,0.0775579693162778,1.5942864772191023,0.24561403508771923,1,1,0,0,0,0.39862247506938686,0,False,True,False
7070000,1.8415714844040236,-1.2926328219379581,-0.5612539128985613,-0.9166666666666667,1,0,0,0,1,0.39862247506938686,0,False,True,False
7070000,0.5683561533165815,1.4477487605705137,1.5942864772191023,0.24561403508771923,1,0,0,0,1,0.39862247506938686,0,True,False,False
7035000,0.6262295774569198,1.4477487605705137,1.5942864772191023,1.407894736842105,1,0,0,0,1,1.5855320918490219,1,True,False,False
7000000,2.9484007210879932,0.0775579693162778,-0.5612539128985613,-0.9166666666666667,1,0,1,0,1,0.39862247506938686,1,True,False,False
6930000,1.8415714844040236,0.0775579693162778,1.5942864772191023,0.24561403508771923,1,0,1,0,1,0.39862247506938686,0,True,False,False
6930000,3.9250147534562014,-1.2926328219379581,-0.5612539128985613,-0.9166666666666667,1,0,1,1,0,0.39862247506938686,0,True,False,False
6895000,1.2724828136906972,0.0775579693162778,1.5942864772191023,-0.9166666666666667,1,0,0,0,0,1.5855320918490219,0,False,False,True
6860000,0.4526093050359049,0.0775579693162778,-0.5612539128985613,-0.9166666666666667,1,0,0,0,1,0.39862247506938686,0,True,False,False
6790000,3.3896855801580723,1.4477487605705137,1.5942864772191023,0.24561403508771923,1,0,0,0,0,1.5855320918490219,1,True,False,False
6790000,-0.511947763969733,0.0775579693162778,1.5942864772191023,0.24561403508771923,1,0,1,0,1,-0.788287141710248,1,False,True,False
6755000,0.4526093050359049,1.4477487605705137,1.5942864772191023,2.570175438596491,1,0,0,0,1,-0.788287141710248,0,False,False,True
6720000,-0.020023658776857665,0.0775579693162778,-0.5612539128985613,2.570175438596491,1,0,0,0,1,-0.788287141710248,1,False,False,True
6685000,0.7419764257375963,-1.2926328219379581,1.5942864772191023,2.570175438596491,1,0,1,0,0,-0.788287141710248,1,True,False,False
6650000,-0.49265662258962023,0.0775579693162778,-0.5612539128985613,0.24561403508771923,1,0,1,1,0,0.39862247506938686,0,True,False,False
6650000,-0.3865553449990001,1.4477487605705137,1.5942864772191023,0.24561403508771923,1,0,0,1,0,-0.788287141710248,0,False,True,False
6650000,0.6551662895270889,0.0775579693162778,1.5942864772191023,1.407894736842105,1,0,0,0,1,-0.788287141710248,1,True,False,False
6650000,0.6937485722873145,0.0775579693162778,1.5942864772191023,1.407894736842105,1,0,0,0,1,-0.788287141710248,1,True,False,False
6650000,0.30792574468505923,0.0775579693162778,-0.5612539128985613,-0.9166666666666667,1,1,1,0,1,1.5855320918490219,1,True,False,False
6650000,0.4526093050359049,0.0775579693162778,1.5942864772191023,1.407894736842105,1,1,0,0,1,-0.788287141710248,0,True,False,False
6629000,0.4526093050359049,0.0775579693162778,-0.5612539128985613,0.24561403508771923,1,0,0,1,0,0.39862247506938686,1,False,True,False
6615000,-0.511947763969733,0.0775579693162778,1.5942864772191023,0.24561403508771923,1,0,1,0,1,0.39862247506938686,0,False,True,False
6615000,2.62286271029859,0.0775579693162778,1.5942864772191023,-0.9166666666666667,1,0,1,0,1,0.39862247506938686,1,True,False,False
6580000,0.4526093050359049,0.0775579693162778,1.5942864772191023,2.570175438596491,1,0,0,0,1,-0.788287141710248,0,False,True,False
6510000,-0.6276946122504096,0.0775579693162778,-0.5612539128985613,0.24561403508771923,1,0,0,1,0,1.5855320918490219,0,False,True,False
6510000,1.5377360076672477,0.0775579693162778,1.5942864772191023,1.407894736842105,1,0,0,0,1,-0.788287141710248,0,True,False,False
6510000,0.7757359231527936,0.0775579693162778,-0.5612539128985613,1.407894736842105,1,0,1,0,0,-0.788287141710248,1,False,False,True
6475000,-0.5312389053498457,0.0775579693162778,-0.5612539128985613,-0.9166666666666667,1,0,1,0,0,1.5855320918490219,0,False,True,False
6475000,1.1326220386848798,0.0775579693162778,-0.5612539128985613,-0.9166666666666667,1,1,1,0,1,1.5855320918490219,1,False,False,True
6440000,1.6968879240531778,2.81793955182475,3.749826867336766,0.24561403508771923,1,0,0,0,0,1.5855320918490219,0,True,False,False
6440000,-0.029669229466914044,0.0775579693162778,-0.5612539128985613,0.24561403508771923,1,0,0,0,1,-0.788287141710248,0,False,True,False
6419000,0.8143182059130192,-1.2926328219379581,-0.5612539128985613,-0.9166666666666667,1,1,1,0,0,1.5855320918490219,1,True,False,False
6405000,-0.12612493636747785,0.0775579693162778,1.5942864772191023,2.570175438596491,1,1,0,0,1,-0.788287141710248,0,True,False,False
6300000,1.0313435464392877,0.0775579693162778,1.5942864772191023,-0.9166666666666667,1,0,1,0,1,2.772441708628657,0,False,True,False
6300000,0.4526093050359049,1.4477487605705137,1.5942864772191023,2.570175438596491,1,0,0,0,0,0.39862247506938686,0,False,True,False
6300000,-0.4637199105194511,0.0775579693162778,1.5942864772191023,1.407894736842105,1,0,0,0,1,1.5855320918490219,0,False,True,False
6300000,1.8994449085443619,0.0775579693162778,-0.5612539128985613,-0.9166666666666667,1,0,1,0,0,0.39862247506938686,1,True,False,False
6300000,0.6455207188370325,0.0775579693162778,-0.5612539128985613,-0.9166666666666667,1,1,1,0,1,0.39862247506938686,1,False,True,False
6293000,0.7419764257375963,0.0775579693162778,1.5942864772191023,1.407894736842105,1,0,0,0,1,-0.788287141710248,1,False,False,True
6265000,0.4526093050359049,1.4477487605705137,-0.5612539128985613,1.407894736842105,1,1,1,0,0,-0.788287141710248,1,False,False,True
6230000,0.7419764257375963,0.0775579693162778,1.5942864772191023,-0.9166666666666667,1,0,1,0,1,-0.788287141710248,1,False,False,True
6230000,0.21147003778449544,0.0775579693162778,-0.5612539128985613,1.407894736842105,1,0,0,0,0,0.39862247506938686,1,False,False,True
6195000,0.21147003778449544,0.0775579693162778,1.5942864772191023,2.570175438596491,1,1,0,0,1,0.39862247506938686,0,False,True,False
6195000,0.6214067921118915,0.0775579693162778,1.5942864772191023,1.407894736842105,1,1,0,0,1,-0.788287141710248,0,True,False,False
6195000,0.21147003778449544,0.0775579693162778,1.5942864772191023,-0.9166666666666667,1,1,1,0,0,1.5855320918490219,1,True,False,False
6160000,-0.2708084967183235,0.0775579693162778,-0.5612539128985613,2.570175438596491,1,0,0,0,1,-0.788287141710248,0,False,False,True
6160000,0.18735611105935449,1.4477487605705137,1.5942864772191023,-0.9166666666666667,1,0,1,0,1,-0.788287141710248,1,False,True,False
6125000,0.6551662895270889,0.0775579693162778,-0.5612539128985613,1.407894736842105,1,0,1,0,0,-0.788287141710248,1,False,False,True
6107500,-0.8784794501918755,1.4477487605705137,-0.5612539128985613,1.407894736842105,1,0,0,0,0,0.39862247506938686,0,False,True,False
6090000,0.7492106037551386,1.4477487605705137,1.5942864772191023,0.24561403508771923,1,1,0,1,0,0.39862247506938686,0,False,True,False
6090000,0.7419764257375963,0.0775579693162778,-0.5612539128985613,-0.9166666666666667,1,1,1,0,0,1.5855320918490219,1,False,True,False
6090000,1.5965739888765915,0.0775579693162778,-0.5612539128985613,1.407894736842105,1,0,0,0,1,1.5855320918490219,0,False,False,True
6083000,-0.36726420361888734,4.188130343078986,1.5942864772191023,0.24561403508771923,1,0,0,0,0,-0.788287141710248,0,True,False,False
6083000,2.1984575999361096,0.0775579693162778,-0.5612539128985613,-0.9166666666666667,1,0,1,0,0,1.5855320918490219,1,True,False,False
6020000,0.8384321326381601,-1.2926328219379581,-0.5612539128985613,-0.9166666666666667,1,1,1,0,0,1.5855320918490219,0,True,False,False
6020000,1.4171663740415428,0.0775579693162778,-0.5612539128985613,-0.9166666666666667,1,1,1,0,1,1.5855320918490219,1,False,True,False
6020000,0.886659986088442,0.0775579693162778,1.5942864772191023,-0.9166666666666667,1,1,1,0,0,-0.788287141710248,1,False,False,True
5950000,-0.6566313243205787,1.4477487605705137,-0.5612539128985613,0.24561403508771923,1,1,0,0,1,-0.788287141710248,0,True,False,False
5950000,0.6551662895270889,0.0775579693162778,-0.5612539128985613,-0.9166666666666667,1,0,1,0,1,-0.788287141710248,1,True,False,False
5950000,0.9445334102287802,0.0775579693162778,-0.5612539128985613,-0.9166666666666667,1,0,1,0,1,1.5855320918490219,1,False,True,False
5950000,0.7130397136674271,0.0775579693162778,-0.5612539128985613,-0.9166666666666667,1,1,1,0,0,1.5855320918490219,1,True,False,False
5950000,1.046294181008875,0.0775579693162778,-0.5612539128985613,0.24561403508771923,1,1,1,0,1,-0.788287141710248,1,False,True,False
5950000,0.575108052799621,1.4477487605705137,1.5942864772191023,-0.9166666666666667,1,0,1,0,0,0.39862247506938686,1,False,True,False
5950000,1.089216970579626,1.4477487605705137,1.5942864772191023,0.24561403508771923,1,0,0,0,0,-0.788287141710248,0,True,False,False
5950000,0.7058055356498849,0.0775579693162778,1.5942864772191023,2.570175438596491,1,0,0,0,0,0.39862247506938686,0,True,False,False
5943000,5.082483236262966,0.0775579693162778,-0.5612539128985613,-0.9166666666666667,1,0,0,0,1,1.5855320918490219,0,False,True,False
5880000,1.012052405059175,0.0775579693162778,-0.5612539128985613,-0.9166666666666667,1,0,1,0,0,1.5855320918490219,1,False,False,True
5880000,0.6937485722873145,0.0775579693162778,1.5942864772191023,1.407894736842105,1,0,0,0,1,-0.788287141710248,0,False,False,True
5873000,0.21147003778449544,0.0775579693162778,-0.5612539128985613,1.407894736842105,1,1,0,0,1,0.39862247506938686,0,True,False,False
5873000,3.0858501034212966,0.0775579693162778,-0.5612539128985613,1.407894736842105,1,0,0,0,0,1.5855320918490219,1,False,True,False
5866000,-0.12612493636747785,0.0775579693162778,-0.5612539128985613,-0.9166666666666667,1,1,1,0,0,-0.788287141710248,0,False,False,True
5810000,0.36965739710142004,1.4477487605705137,-0.5612539128985613,2.570175438596491,1,1,0,0,0,-0.788287141710248,0,False,True,False
5810000,0.06678647743364975,0.0775579693162778,-0.5612539128985613,1.407894736842105,1,0,0,0,1,-0.788287141710248,0,False,True,False
5810000,-0.12612493636747785,0.0775579693162778,-0.5612539128985613,1.407894736842105,1,0,0,0,1,-0.788287141710248,0,False,False,True
5803000,0.9348878395387239,0.0775579693162778,-0.5612539128985613,-0.9166666666666667,1,0,1,0,0,1.5855320918490219,1,False,True,False
5775000,0.4526093050359049,0.0775579693162778,1.5942864772191023,2.570175438596491,1,0,0,0,1,-0.788287141710248,0,False,False,True
5740000,0.16324218433421356,1.4477487605705137,1.5942864772191023,0.24561403508771923,1,0,0,0,1,1.5855320918490219,0,False,False,True
5740000,-0.20328950188792888,1.4477487605705137,-0.5612539128985613,0.24561403508771923,1,0,0,0,0,0.39862247506938686,0,False,True,False
5740000,-0.029669229466914044,0.0775579693162778,-0.5612539128985613,1.407894736842105,1,0,0,0,1,-0.788287141710248,0,False,True,False
5740000,0.6262295774569198,0.0775579693162778,-0.5612539128985613,-0.9166666666666667,1,1,1,0,1,1.5855320918490219,1,True,False,False
5740000,0.35615359813534114,0.0775579693162778,1.5942864772191023,2.570175438596491,1,0,0,0,1,-0.788287141710248,0,False,False,True
5652500,0.7709131378077655,1.4477487605705137,1.5942864772191023,0.24561403508771923,1,1,1,0,0,0.39862247506938686,1,False,True,False
5600000,2.62286271029859,1.4477487605705137,1.5942864772191023,0.24561403508771923,1,0,0,0,0,0.39862247506938686,0,False,True,False
5600000,-0.12612493636747785,2.81793955182475,1.5942864772191023,1.407894736842105,0,0,1,1,0,-0.788287141710248,0,False,False,True
5600000,-0.17435278981775973,1.4477487605705137,-0.5612539128985613,0.24561403508771923,1,1,1,0,1,0.39862247506938686,0,True,False,False
5600000,-0.029669229466914044,0.0775579693162778,-0.5612539128985613,2.570175438596491,1,0,0,0,0,-0.788287141710248,0,True,False,False
5600000,2.62286271029859,-1.2926328219379581,-0.5612539128985613,-0.9166666666666667,1,0,0,0,0,0.39862247506938686,0,False,True,False
5600000,0.21147003778449544,0.0775579693162778,1.5942864772191023,0.24561403508771923,1,0,0,0,0,0.39862247506938686,0,False,True,False
5600000,0.6262295774569198,0.0775579693162778,-0.5612539128985613,1.407894736842105,1,0,0,0,0,-0.788287141710248,1,False,True,False
5600000,0.7419764257375963,1.4477487605705137,1.5942864772191023,-0.9166666666666667,1,0,1,0,0,-0.788287141710248,1,False,True,False
5600000,0.035920651225469336,0.0775579693162778,-0.5612539128985613,0.24561403508771923,1,1,1,0,1,-0.788287141710248,1,False,False,True
5565000,-0.31903635016860543,1.4477487605705137,-0.5612539128985613,0.24561403508771923,1,0,0,0,1,1.5855320918490219,1,False,True,False
5565000,0.16324218433421356,2.81793955182475,-0.5612539128985613,0.24561403508771923,1,1,1,0,1,-0.788287141710248,1,True,False,False
5530000,-0.8495427381217063,0.0775579693162778,3.749826867336766,0.24561403508771923,1,0,1,0,0,-0.788287141710248,0,False,True,False
5530000,-0.6807452510457197,0.0775579693162778,1.5942864772191023,0.24561403508771923,1,0,0,0,0,1.5855320918490219,0,False,True,False
5530000,0.5008371584861868,0.0775579693162778,1.5942864772191023,-0.9166666666666667,1,0,1,0,0,1.5855320918490219,1,True,False,False
5523000,0.886659986088442,0.0775579693162778,-0.5612539128985613,-0.9166666666666667,1,1,1,0,0,-0.788287141710248,1,False,True,False
5495000,-1.0824832702865679,1.4477487605705137,1.5942864772191023,0.24561403508771923,0,1,1,0,0,0.39862247506938686,0,True,False,False
5495000,1.4075208033514865,0.0775579693162778,-0.5612539128985613,-0.9166666666666667,1,0,0,0,0,1.5855320918490219,0,False,True,False
5460000,-0.9218845182971291,0.0775579693162778,1.5942864772191023,-0.9166666666666667,1,1,1,0,1,-0.788287141710248,0,True,False,False
5460000,0.553887797281497,1.4477487605705137,-0.5612539128985613,2.570175438596491,1,1,0,0,1,-0.788287141710248,0,True,False,False
5460000,0.5008371584861868,0.0775579693162778,-0.5612539128985613,1.407894736842105,1,1,0,0,1,-0.788287141710248,1,False,True,False
5460000,0.7419764257375963,1.4477487605705137,1.5942864772191023,0.24561403508771923,1,1,1,0,0,-0.788287141710248,1,False,True,False
5425000,0.8504890960007305,0.0775579693162778,-0.5612539128985613,-0.9166666666666667,1,1,1,0,1,-0.788287141710248,1,False,True,False
5390000,0.7950270645329064,0.0775579693162778,1.5942864772191023,0.24561403508771923,1,1,1,0,0,0.39862247506938686,1,True,False,False
5383000,0.6696346455621734,0.0775579693162778,1.5942864772191023,-0.9166666666666667,1,1,1,1,0,-0.788287141710248,0,False,False,True
5320000,1.3207106671409792,0.0775579693162778,-0.5612539128985613,-0.9166666666666667,1,0,1,0,1,1.5855320918490219,1,False,False,True
5285000,-0.22258064326804164,-1.2926328219379581,1.5942864772191023,-0.9166666666666667,1,0,0,0,1,1.5855320918490219,0,False,True,False
5250000,-0.3865553449990001,1.4477487605705137,-0.5612539128985613,0.24561403508771923,1,0,1,0,1,-0.788287141710248,0,True,False,False
5250000,0.7130397136674271,1.4477487605705137,1.5942864772191023,0.24561403508771923,0,0,0,0,1,-0.788287141710248,0,False,True,False
5250000,0.21147003778449544,0.0775579693162778,1.5942864772191023,-0.9166666666666667,1,0,1,0,0,-0.788287141710248,0,False,True,False
5250000,2.5114563688284393,0.0775579693162778,-0.5612539128985613,-0.9166666666666667,1,0,0,0,0,0.39862247506938686,1,False,True,False
5250000,1.6100777878426704,0.0775579693162778,-0.5612539128985613,0.24561403508771923,1,1,1,0,1,1.5855320918490219,1,False,False,True
5250000,0.11501433088393165,1.4477487605705137,1.5942864772191023,-0.9166666666666667,1,0,0,0,1,-0.788287141710248,1,False,False,True
5250000,-0.6084034708702968,0.0775579693162778,-0.5612539128985613,0.24561403508771923,1,1,1,0,0,0.39862247506938686,1,False,False,True
5250000,2.285267736146617,1.4477487605705137,1.5942864772191023,0.24561403508771923,1,1,0,0,0,1.5855320918490219,0,False,True,False
5250000,1.6679512119830087,0.0775579693162778,-0.5612539128985613,-0.9166666666666667,1,0,0,0,1,1.5855320918490219,0,True,False,False
5243000,0.47672323176104586,0.0775579693162778,-0.5612539128985613,-0.9166666666666667,1,0,1,0,0,-0.788287141710248,1,False,True,False
5229000,0.9758815149714635,0.0775579693162778,-0.5612539128985613,-0.9166666666666667,1,1,1,0,0,1.5855320918490219,1,False,True,False
5215000,-0.9074161622620446,0.0775579693162778,1.5942864772191023,0.24561403508771923,1,0,0,0,0,1.5855320918490219,0,False,True,False
5215000,-0.2708084967183235,1.4477487605705137,1.5942864772191023,-0.9166666666666667,0,0,1,0,1,1.5855320918490219,0,False,True,False
5215000,1.0313435464392877,0.0775579693162778,-0.5612539128985613,0.24561403508771923,1,1,1,0,0,0.39862247506938686,1,True,False,False
5145000,-0.7964920993263962,0.0775579693162778,-0.5612539128985613,0.24561403508771923,0,0,0,0,1,-0.788287141710248,0,False,True,False
5145000,1.4075208033514865,0.0775579693162778,-0.5612539128985613,-0.9166666666666667,1,0,0,0,0,0.39862247506938686,1,False,True,False
5110000,-0.994226298472552,0.0775579693162778,1.5942864772191023,0.24561403508771923,1,1,1,0,0,-0.788287141710248,0,True,False,False
5110000,-0.994226298472552,0.0775579693162778,-0.5612539128985613,0.24561403508771923,1,0,1,0,0,-0.788287141710248,0,False,False,True
5110000,3.0617361766961557,-1.2926328219379581,-0.5612539128985613,0.24561403508771923,1,0,0,0,0,-0.788287141710248,1,True,False,False
5110000,0.5008371584861868,0.0775579693162778,-0.5612539128985613,-0.9166666666666667,1,0,1,0,1,-0.788287141710248,1,False,True,False
5075000,0.3175713153751156,-1.2926328219379581,-0.5612539128985613,0.24561403508771923,1,0,0,0,1,-0.788287141710248,1,False,False,True
5040000,-0.7337958898410297,-1.2926328219379581,-0.5612539128985613,-0.9166666666666667,0,1,1,0,0,-0.788287141710248,0,False,True,False
5040000,1.2242549602404154,1.4477487605705137,-0.5612539128985613,0.24561403508771923,1,0,0,0,1,1.5855320918490219,0,True,False,False
5040000,2.7193184171991542,0.0775579693162778,-0.5612539128985613,0.24561403508771923,1,1,1,0,0,-0.788287141710248,0,False,True,False
5040000,0.7419764257375963,0.0775579693162778,-0.5612539128985613,-0.9166666666666667,1,1,1,0,0,-0.788287141710248,1,True,False,False
5033000,-0.12612493636747785,-1.2926328219379581,-0.5612539128985613,-0.9166666666666667,1,1,1,0,0,-0.788287141710248,0,False,True,False
5005000,1.4895081542169657,0.0775579693162778,1.5942864772191023,-0.9166666666666667,1,1,1,0,0,-0.788287141710248,0,False,True,False
4970000,-0.31421356482357726,1.4477487605705137,3.749826867336766,0.24561403508771923,1,0,1,0,0,1.5855320918490219,0,False,True,False
4970000,1.2657309142076578,0.0775579693162778,-0.5612539128985613,-0.9166666666666667,1,1,1,1,0,-0.788287141710248,0,False,True,False
4956000,-1.0906820053731159,0.0775579693162778,1.5942864772191023,0.24561403508771923,0,0,1,0,1,0.39862247506938686,0,False,True,False
4935000,0.42753082124175834,0.0775579693162778,-0.5612539128985613,0.24561403508771923,1,0,0,0,1,-0.788287141710248,0,False,True,False
4907000,-0.4154920570691692,0.0775579693162778,-0.5612539128985613,0.24561403508771923,1,0,0,0,0,0.39862247506938686,0,True,False,False
4900000,-0.26116292602826713,0.0775579693162778,-0.5612539128985613,0.24561403508771923,1,0,1,0,1,-0.788287141710248,0,False,True,False
4900000,-0.4661313031919652,0.0775579693162778,-0.5612539128985613,0.24561403508771923,0,1,1,0,1,-0.788287141710248,0,False,True,False
4900000,-0.4540743398293947,-1.2926328219379581,-0.5612539128985613,-0.9166666666666667,1,0,1,0,0,0.39862247506938686,0,False,True,False
4900000,0.16324218433421356,1.4477487605705137,-0.5612539128985613,0.24561403508771923,1,0,0,0,0,-0.788287141710248,0,False,True,False
4900000,-0.1405932924025624,0.0775579693162778,-0.5612539128985613,-0.9166666666666667,1,1,1,0,0,-0.788287141710248,0,False,True,False
4900000,0.5972928653867506,0.0775579693162778,-0.5612539128985613,-0.9166666666666667,1,0,0,0,1,1.5855320918490219,0,False,True,False
4900000,0.35615359813534114,-1.2926328219379581,-0.5612539128985613,-0.9166666666666667,1,1,1,0,1,-0.788287141710248,0,False,True,False
4900000,-0.994226298472552,0.0775579693162778,-0.5612539128985613,0.24561403508771923,1,0,1,0,1,-0.788287141710248,0,False,True,False
4900000,-1.0086946545076365,0.0775579693162778,-0.5612539128985613,1.407894736842105,1,0,0,0,0,-0.788287141710248,0,False,True,False
4900000,0.7998498498779346,0.0775579693162778,-0.5612539128985613,-0.9166666666666667,1,0,0,0,0,-0.788287141710248,0,False,False,True
4900000,-0.20039583068091196,0.0775579693162778,-0.5612539128985613,0.24561403508771923,1,1,1,0,0,1.5855320918490219,0,False,True,False
4900000,3.780331193105356,0.0775579693162778,-0.5612539128985613,-0.9166666666666667,1,0,0,0,0,1.5855320918490219,0,True,False,False
4893000,-0.791669313981368,1.4477487605705137,1.5942864772191023,0.24561403508771923,1,0,1,0,1,1.5855320918490219,0,False,True,False
4893000,-0.03208062213942814,1.4477487605705137,1.5942864772191023,-0.9166666666666667,1,0,1,0,0,-0.788287141710248,0,False,True,False
4865000,-0.3431502768937464,-1.2926328219379581,-0.5612539128985613,-0.9166666666666667,1,0,1,0,0,-0.788287141710248,0,False,False,True
4830000,-0.434783198449282,0.0775579693162778,-0.5612539128985613,1.407894736842105,1,0,0,0,0,-0.788287141710248,0,False,False,True
4830000,0.4719004464160177,0.0775579693162778,-0.5612539128985613,-0.9166666666666667,1,0,0,0,0,1.5855320918490219,1,False,True,False
4830000,0.8683334017773349,0.0775579693162778,-0.5612539128985613,0.24561403508771923,1,0,0,0,1,1.5855320918490219,1,True,False,False
4830000,-0.11889075834993555,-1.2926328219379581,-0.5612539128985613,-0.9166666666666667,1,0,0,0,1,-0.788287141710248,1,False,True,False
4795000,0.9348878395387239,0.0775579693162778,-0.5612539128985613,0.24561403508771923,1,0,1,0,0,-0.788287141710248,0,False,False,True
4795000,1.4653942274918248,1.4477487605705137,-0.5612539128985613,2.570175438596491,1,0,1,0,1,1.5855320918490219,0,False,True,False
4767000,-0.791669313981368,1.4477487605705137,1.5942864772191023,0.24561403508771923,1,0,0,0,0,-0.788287141710248,0,False,True,False
4760000,1.9795031452718297,-1.2926328219379581,-0.5612539128985613,-0.9166666666666667,1,0,1,0,1,1.5855320918490219,0,False,True,False
4760000,0.6074207146113099,0.0775579693162778,-0.5612539128985613,0.24561403508771923,1,0,1,0,1,0.39862247506938686,0,True,False,False
4760000,2.4974702913278573,-1.2926328219379581,-0.5612539128985613,-0.9166666666666667,1,0,0,0,1,1.5855320918490219,1,False,False,True
4753000,0.6648118602171452,-1.2926328219379581,-0.5612539128985613,-0.9166666666666667,1,0,0,0,1,2.772441708628657,0,False,True,False
4690000,0.05231812139856518,0.0775579693162778,-0.5612539128985613,2.570175438596491,1,0,0,0,1,-0.788287141710248,0,False,True,False
4690000,0.4526093050359049,-1.2926328219379581,-0.5612539128985613,-0.9166666666666667,1,0,1,0,1,0.39862247506938686,0,True,False,False
4690000,-0.690390821735776,0.0775579693162778,-0.5612539128985613,0.24561403508771923,1,0,0,0,0,1.5855320918490219,0,False,True,False
4690000,2.2211246910577422,1.4477487605705137,1.5942864772191023,0.24561403508771923,1,1,1,0,0,0.39862247506938686,0,False,True,False
4690000,0.16324218433421356,-1.2926328219379581,-0.5612539128985613,0.24561403508771923,1,0,0,0,0,-0.788287141710248,1,False,True,False
4690000,-0.35761863292883095,0.0775579693162778,-0.5612539128985613,-0.9166666666666667,1,0,0,0,0,-0.788287141710248,1,False,True,False
4655000,-0.6349287902679519,0.0775579693162778,-0.5612539128985613,0.24561403508771923,1,0,1,0,0,-0.788287141710248,0,True,False,False
4620000,-0.434783198449282,0.0775579693162778,-0.5612539128985613,-0.9166666666666667,1,1,1,0,1,-0.788287141710248,0,False,False,True
4620000,-0.5698211881100713,0.0775579693162778,1.5942864772191023,0.24561403508771923,1,0,1,0,0,1.5855320918490219,0,False,True,False
4620000,0.29828017399500284,0.0775579693162778,-0.5612539128985613,0.24561403508771923,1,1,0,0,1,0.39862247506938686,0,False,True,False
4620000,-1.0569225079579185,-1.2926328219379581,-0.5612539128985613,0.24561403508771923,1,1,1,0,0,-0.788287141710248,1,False,True,False
4620000,-0.024846444121885854,0.0775579693162778,-0.5612539128985613,0.24561403508771923,1,0,1,0,0,-0.788287141710248,0,False,True,False
4613000,-0.26598571137329535,1.4477487605705137,1.5942864772191023,0.24561403508771923,1,0,1,0,0,-0.788287141710248,0,False,True,False
4585000,-0.511947763969733,0.0775579693162778,-0.5612539128985613,0.24561403508771923,1,0,0,0,0,0.39862247506938686,0,True,False,False
4585000,-0.589112329490184,0.0775579693162778,-0.5612539128985613,0.24561403508771923,1,0,0,0,0,0.39862247506938686,1,False,True,False
4550000,-0.6276946122504096,0.0775579693162778,-0.5612539128985613,-0.9166666666666667,1,0,0,0,0,1.5855320918490219,0,False,True,False
4550000,-0.6855680363907478,0.0775579693162778,-0.5612539128985613,0.24561403508771923,1,0,0,0,1,-0.788287141710248,0,True,False,False
4550000,-1.2112516389988206,0.0775579693162778,-0.5612539128985613,0.24561403508771923,1,0,1,0,0,-0.788287141710248,0,True,False,False
4550000,0.12465990157398803,0.0775579693162778,-0.5612539128985613,0.24561403508771923,1,1,1,0,0,-0.788287141710248,1,False,True,False
4550000,0.14395104295410077,0.0775579693162778,-0.5612539128985613,0.24561403508771923,1,0,0,0,0,1.5855320918490219,1,False,False,True
4550000,-0.7434414605310862,0.0775579693162778,-0.5612539128985613,-0.9166666666666667,1,0,0,0,0,-0.788287141710248,1,False,True,False
4550000,1.6100777878426704,1.4477487605705137,-0.5612539128985613,2.570175438596491,1,0,0,0,0,2.772441708628657,0,False,False,True
4543000,-0.4637199105194511,-1.2926328219379581,1.5942864772191023,-0.9166666666666667,1,1,1,0,0,-0.788287141710248,0,False,True,False
4543000,-0.03449201481194223,1.4477487605705137,1.5942864772191023,0.24561403508771923,1,1,1,0,0,-0.788287141710248,1,True,False,False
4515000,-0.7482642458761143,0.0775579693162778,-0.5612539128985613,1.407894736842105,1,0,0,0,0,-0.788287141710248,0,False,True,False
4515000,-0.7772009579462834,0.0775579693162778,-0.5612539128985613,0.24561403508771923,1,0,1,0,0,0.39862247506938686,0,False,True,False
4515000,2.314204448216786,0.0775579693162778,-0.5612539128985613,-0.9166666666666667,1,0,0,0,0,-0.788287141710248,0,False,True,False
4515000,-0.7434414605310862,-1.2926328219379581,-0.5612539128985613,0.24561403508771923,1,0,0,0,0,-0.788287141710248,1,True,False,False
4480000,-0.26598571137329535,1.4477487605705137,-0.5612539128985613,0.24561403508771923,1,0,0,0,1,1.5855320918490219,0,False,True,False
4480000,0.39714727356808077,-1.2926328219379581,-0.5612539128985613,-0.9166666666666667,1,0,0,0,1,0.39862247506938686,0,False,False,True
4480000,-0.511947763969733,0.0775579693162778,-0.5612539128985613,0.24561403508771923,1,0,0,0,0,1.5855320918490219,0,True,False,False
4480000,1.5377360076672477,0.0775579693162778,-0.5612539128985613,-0.9166666666666667,1,0,0,0,0,-0.788287141710248,0,True,False,False
4480000,-0.49265662258962023,0.0775579693162778,-0.5612539128985613,0.24561403508771923,1,0,0,0,0,0.39862247506938686,0,False,True,False
4473000,0.6262295774569198,-1.2926328219379581,-0.5612539128985613,-0.9166666666666667,1,0,1,0,1,0.39862247506938686,0,True,False,False
4473000,-0.9160971758830954,0.0775579693162778,-0.5612539128985613,0.24561403508771923,1,0,0,0,1,0.39862247506938686,0,True,False,False
4473000,-0.7482642458761143,0.0775579693162778,-0.5612539128985613,0.24561403508771923,1,0,0,0,0,-0.788287141710248,0,False,True,False
4445000,-0.6325173975954378,-1.2926328219379581,-0.5612539128985613,-0.9166666666666667,1,1,1,0,0,-0.788287141710248,0,False,True,False
4410000,-0.5273806770738232,0.0775579693162778,-0.5612539128985613,0.24561403508771923,0,0,0,0,0,-0.788287141710248,0,False,True,False
4410000,-0.07789708291719594,-1.2926328219379581,-0.5612539128985613,0.24561403508771923,1,0,1,0,0,-0.788287141710248,0,False,True,False
4403000,-1.0520997226128903,0.0775579693162778,-0.5612539128985613,0.24561403508771923,1,0,0,0,0,-0.788287141710248,1,False,True,False
4403000,-0.08754265360725232,0.0775579693162778,-0.5612539128985613,-0.9166666666666667,1,0,0,0,0,1.5855320918490219,1,False,False,True
4403000,-0.06825151222713956,0.0775579693162778,-0.5612539128985613,0.24561403508771923,1,0,0,0,0,0.39862247506938686,0,False,True,False
4382000,-0.053783156192054996,1.4477487605705137,-0.5612539128985613,0.24561403508771923,1,0,0,0,1,-0.788287141710248,0,False,True,False
4375000,-0.5601756174200149,0.0775579693162778,-0.5612539128985613,0.24561403508771923,1,0,0,0,0,-0.788287141710248,0,False,False,True
4340000,-0.2708084967183235,0.0775579693162778,1.5942864772191023,1.407894736842105,1,0,0,1,0,0.39862247506938686,0,True,False,False
4340000,-1.5223212937531387,2.81793955182475,-0.5612539128985613,0.24561403508771923,0,0,1,0,0,-0.788287141710248,0,False,True,False
4340000,-0.4757768738820216,0.0775579693162778,-0.5612539128985613,-0.9166666666666667,1,1,1,0,0,1.5855320918490219,0,False,True,False
4340000,-0.7530870312211425,1.4477487605705137,-0.5612539128985613,0.24561403508771923,1,0,0,0,0,1.5855320918490219,0,True,False,False
4340000,0.6696346455621734,1.4477487605705137,-0.5612539128985613,0.24561403508771923,1,0,0,0,0,-0.788287141710248,0,False,True,False
4319000,-0.4965148508656428,-1.2926328219379581,-0.5612539128985613,-0.9166666666666667,1,0,1,0,0,-0.788287141710248,0,True,False,False
4305000,-0.31903635016860543,-1.2926328219379581,-0.5612539128985613,-0.9166666666666667,1,0,0,0,0,0.39862247506938686,0,False,True,False
4305000,2.5553437154681955,-1.2926328219379581,-0.5612539128985613,-0.9166666666666667,1,0,0,0,0,0.39862247506938686,1,False,True,False
4277000,-0.8013148846714244,0.0775579693162778,-0.5612539128985613,0.24561403508771923,1,0,1,0,0,1.5855320918490219,1,False,True,False
4270000,0.6262295774569198,-1.2926328219379581,-0.5612539128985613,-0.9166666666666667,1,0,0,0,0,-0.788287141710248,0,True,False,False
4270000,0.6262295774569198,-1.2926328219379581,-0.5612539128985613,0.24561403508771923,1,0,0,0,0,-0.788287141710248,0,False,False,True
4270000,-0.2708084967183235,-1.2926328219379581,-0.5612539128985613,-0.9166666666666667,1,0,0,0,1,1.5855320918490219,0,True,False,False
4270000,-1.3921060894373776,0.0775579693162778,-0.5612539128985613,0.24561403508771923,0,1,1,0,1,-0.788287141710248,0,False,False,True
4270000,-0.33832749154871816,1.4477487605705137,-0.5612539128985613,0.24561403508771923,1,0,0,0,0,-0.788287141710248,0,True,False,False
4270000,1.3062423111058945,-1.2926328219379581,-0.5612539128985613,-0.9166666666666667,1,0,0,0,0,0.39862247506938686,0,True,False,False
4235000,0.7660903524627373,0.0775579693162778,-0.5612539128985613,0.24561403508771923,1,1,0,0,0,-0.788287141710248,0,False,True,False
4235000,-1.0969516263216523,0.0775579693162778,-0.5612539128985613,-0.9166666666666667,1,0,1,0,0,-0.788287141710248,1,True,False,False
4200000,0.21147003778449544,0.0775579693162778,-0.5612539128985613,0.24561403508771923,1,0,0,0,1,-0.788287141710248,0,False,False,True
4200000,-0.010378088086801286,0.0775579693162778,-0.5612539128985613,0.24561403508771923,1,0,1,0,1,-0.788287141710248,0,False,False,True
4200000,0.3802675248604821,-1.2926328219379581,-0.5612539128985613,-0.9166666666666667,1,1,1,0,0,1.5855320918490219,0,False,True,False
4200000,-1.1823149269286515,1.4477487605705137,3.749826867336766,0.24561403508771923,0,0,0,0,0,-0.788287141710248,0,False,True,False
4200000,-1.0168933895941845,0.0775579693162778,-0.5612539128985613,0.24561403508771923,1,0,1,0,1,-0.788287141710248,0,False,False,True
4200000,-1.1162427677017652,1.4477487605705137,1.5942864772191023,0.24561403508771923,0,0,0,0,0,-0.788287141710248,0,False,True,False
4200000,-0.31421356482357726,-1.2926328219379581,-0.5612539128985613,-0.9166666666666667,0,0,0,0,0,0.39862247506938686,0,False,False,True
4200000,-0.511947763969733,1.4477487605705137,1.5942864772191023,0.24561403508771923,0,0,0,0,0,-0.788287141710248,0,False,True,False
4200000,-1.3197643092619549,0.0775579693162778,-0.5612539128985613,0.24561403508771923,0,0,0,0,0,-0.788287141710248,0,False,True,False
4200000,-0.22258064326804164,0.0775579693162778,1.5942864772191023,0.24561403508771923,1,0,0,0,1,0.39862247506938686,0,False,True,False
4200000,-0.6855680363907478,0.0775579693162778,1.5942864772191023,0.24561403508771923,1,0,1,0,0,-0.788287141710248,0,False,False,True
4200000,0.35615359813534114,0.0775579693162778,-0.5612539128985613,-0.9166666666666667,1,0,0,1,0,1.5855320918490219,0,False,True,False
4200000,0.9348878395387239,0.0775579693162778,-0.5612539128985613,-0.9166666666666667,1,0,0,0,0,2.772441708628657,0,True,False,False
4200000,-0.47384775974401033,0.0775579693162778,-0.5612539128985613,1.407894736842105,1,0,0,0,0,-0.788287141710248,0,False,True,False
4200000,-0.7434414605310862,0.0775579693162778,-0.5612539128985613,0.24561403508771923,1,0,0,0,0,-0.788287141710248,1,False,True,False
4200000,-1.4065744454724622,0.0775579693162778,-0.5612539128985613,1.407894736842105,1,0,0,0,0,0.39862247506938686,1,False,False,True
4200000,-0.2708084967183235,0.0775579693162778,-0.5612539128985613,-0.9166666666666667,1,0,1,0,0,-0.788287141710248,0,True,False,False
4193000,1.5377360076672477,0.0775579693162778,-0.5612539128985613,-0.9166666666666667,1,0,1,0,0,2.772441708628657,0,False,True,False
4193000,-0.7772009579462834,0.0775579693162778,-0.5612539128985613,0.24561403508771923,1,0,0,0,0,0.39862247506938686,0,False,True,False
4165000,-0.10683379498736507,0.0775579693162778,-0.5612539128985613,0.24561403508771923,1,0,0,0,0,0.39862247506938686,0,False,True,False
4165000,-0.4733654812095075,0.0775579693162778,-0.5612539128985613,0.24561403508771923,1,0,0,0,0,1.5855320918490219,0,False,True,False
4165000,-0.48976295138260334,0.0775579693162778,-0.5612539128985613,0.24561403508771923,1,0,1,0,0,0.39862247506938686,0,False,True,False
4130000,-0.20714773016395144,1.4477487605705137,-0.5612539128985613,0.24561403508771923,1,0,0,0,1,-0.788287141710248,0,False,True,False
4130000,0.4453751270183626,0.0775579693162778,-0.5612539128985613,-0.9166666666666667,1,0,1,0,0,-0.788287141710248,0,False,True,False
4123000,0.4815460171060741,-1.2926328219379581,-0.5612539128985613,-0.9166666666666667,1,0,1,0,0,0.39862247506938686,0,False,True,False
4098500,-0.7048591777708606,0.0775579693162778,-0.5612539128985613,-0.9166666666666667,1,0,1,0,1,-0.788287141710248,1,True,False,False
4095000,-0.6662768950106351,0.0775579693162778,1.5942864772191023,0.24561403508771923,1,0,0,0,0,-0.788287141710248,0,False,True,False
4095000,-0.49265662258962023,-1.2926328219379581,-0.5612539128985613,0.24561403508771923,1,0,0,0,0,0.39862247506938686,0,False,True,False
4095000,0.2596978912347773,-1.2926328219379581,-0.5612539128985613,-0.9166666666666667,1,0,0,0,1,-0.788287141710248,0,False,True,False
4060000,0.40438145158562305,1.4477487605705137,1.5942864772191023,0.24561403508771923,0,0,1,0,0,0.39862247506938686,0,False,False,True
4060000,-0.0335274577429366,0.0775579693162778,1.5942864772191023,0.24561403508771923,1,0,0,0,0,1.5855320918490219,0,False,False,True
4060000,-0.34797306223877456,0.0775579693162778,-0.5612539128985613,-0.9166666666666667,1,0,0,0,0,-0.788287141710248,0,False,True,False
4060000,-0.994226298472552,1.4477487605705137,-0.5612539128985613,1.407894736842105,1,0,1,0,1,1.5855320918490219,0,False,True,False
4060000,-0.35761863292883095,0.0775579693162778,-0.5612539128985613,0.24561403508771923,1,0,0,0,0,1.5855320918490219,1,True,False,False
4025000,-0.690390821735776,0.0775579693162778,1.5942864772191023,0.24561403508771923,1,0,0,1,0,1.5855320918490219,0,False,True,False
4025000,-0.7723781726012553,0.0775579693162778,1.5942864772191023,-0.9166666666666667,1,0,1,0,1,0.39862247506938686,0,True,False,False
4025000,0.16324218433421356,0.0775579693162778,-0.5612539128985613,-0.9166666666666667,1,0,0,0,0,2.772441708628657,0,False,True,False
4007500,-0.2708084967183235,0.0775579693162778,-0.5612539128985613,0.24561403508771923,0,0,1,0,1,-0.788287141710248,0,False,True,False
4007500,-0.7723781726012553,1.4477487605705137,-0.5612539128985613,0.24561403508771923,1,0,0,0,1,-0.788287141710248,0,False,True,False
3990000,-0.4637199105194511,1.4477487605705137,-0.5612539128985613,-0.9166666666666667,0,0,1,0,0,-0.788287141710248,0,False,False,True
3990000,0.684103001597258,0.0775579693162778,-0.5612539128985613,0.24561403508771923,0,0,0,0,1,0.39862247506938686,0,False,True,False
3990000,-0.2708084967183235,0.0775579693162778,1.5942864772191023,0.24561403508771923,0,0,1,0,1,-0.788287141710248,0,False,True,False
3990000,-0.5312389053498457,0.0775579693162778,-0.5612539128985613,0.24561403508771923,1,0,0,0,0,-0.788287141710248,0,True,False,False
3990000,-0.48783383724459206,-1.2926328219379581,-0.5612539128985613,0.24561403508771923,1,1,1,0,0,-0.788287141710248,1,False,False,True
3920000,1.0602802585094568,0.0775579693162778,1.5942864772191023,-0.9166666666666667,1,1,1,0,0,2.772441708628657,0,True,False,False
3920000,0.21147003778449544,1.4477487605705137,-0.5612539128985613,0.24561403508771923,1,1,1,0,0,-0.788287141710248,0,False,True,False
3920000,-0.994226298472552,0.0775579693162778,-0.5612539128985613,0.24561403508771923,1,0,0,0,0,-0.788287141710248,0,False,True,False
3920000,-0.8543655234667344,-1.2926328219379581,-0.5612539128985613,-0.9166666666666667,1,0,0,1,0,0.39862247506938686,0,True,False,False
3920000,-0.6006870143182517,-1.2926328219379581,-0.5612539128985613,-0.9166666666666667,1,0,1,0,1,1.5855320918490219,0,True,False,False
3920000,1.4557486568017683,0.0775579693162778,-0.5612539128985613,-0.9166666666666667,1,0,0,0,1,1.5855320918490219,0,False,True,False
3920000,-1.4065744454724622,1.4477487605705137,1.5942864772191023,-0.9166666666666667,1,0,1,0,0,-0.788287141710248,1,False,False,True
3885000,-0.6180490415603532,-1.2926328219379581,-0.5612539128985613,0.24561403508771923,1,1,1,0,0,-0.788287141710248,0,False,True,False
3885000,-0.9074161622620446,1.4477487605705137,1.5942864772191023,0.24561403508771923,1,0,0,0,0,-0.788287141710248,0,True,False,False
3850000,0.11501433088393165,2.81793955182475,1.5942864772191023,0.24561403508771923,1,0,0,0,0,-0.788287141710248,0,False,True,False
3850000,-0.9074161622620446,-1.2926328219379581,1.5942864772191023,-0.9166666666666667,1,0,1,0,0,1.5855320918490219,0,False,True,False
3850000,1.0081941767831524,0.0775579693162778,-0.5612539128985613,0.24561403508771923,1,0,0,0,1,-0.788287141710248,0,True,False,False
3850000,-0.4733654812095075,-1.2926328219379581,-0.5612539128985613,-0.9166666666666667,1,0,0,0,0,-0.788287141710248,0,False,True,False
3850000,-0.5842895441451559,-1.2926328219379581,-0.5612539128985613,-0.9166666666666667,1,0,0,0,0,-0.788287141710248,0,False,True,False
3850000,-1.4692706549578287,0.0775579693162778,-0.5612539128985613,0.24561403508771923,1,0,1,0,0,-0.788287141710248,1,False,True,False
3850000,-1.391623810902875,-1.2926328219379581,-0.5612539128985613,0.24561403508771923,1,1,0,0,0,-0.788287141710248,1,False,True,False
3836000,-0.8254288113965653,0.0775579693162778,-0.5612539128985613,0.24561403508771923,1,0,0,0,0,-0.788287141710248,0,False,False,True
3815000,-0.9218845182971291,-1.2926328219379581,1.5942864772191023,-0.9166666666666667,0,0,1,0,0,-0.788287141710248,0,False,True,False
3780000,-0.11647936567742145,0.0775579693162778,-0.5612539128985613,0.24561403508771923,1,0,0,0,0,-0.788287141710248,0,False,True,False
3780000,-0.791669313981368,-1.2926328219379581,-0.5612539128985613,0.24561403508771923,1,0,0,1,0,0.39862247506938686,0,False,True,False
3780000,-0.7048591777708606,-1.2926328219379581,-0.5612539128985613,-0.9166666666666667,1,0,0,0,0,-0.788287141710248,0,False,True,False
3780000,0.3706219541704257,-1.2926328219379581,-0.5612539128985613,-0.9166666666666667,1,0,0,0,0,1.5855320918490219,0,False,False,True
3780000,-1.0636744074409579,0.0775579693162778,-0.5612539128985613,1.407894736842105,1,0,0,0,0,-0.788287141710248,1,True,False,False
3780000,1.6100777878426704,-1.2926328219379581,-0.5612539128985613,-0.9166666666666667,1,0,0,0,0,0.39862247506938686,0,True,False,False
3773000,1.5377360076672477,0.0775579693162778,-0.5612539128985613,-0.9166666666666667,1,0,0,0,0,1.5855320918490219,0,True,False,False
3773000,-1.225719995033905,2.81793955182475,1.5942864772191023,-0.9166666666666667,0,0,1,0,1,0.39862247506938686,0,True,False,False
3773000,0.9011283421235265,1.4477487605705137,-0.5612539128985613,0.24561403508771923,0,0,0,0,0,0.39862247506938686,0,True,False,False
3745000,-0.7627326019111988,-1.2926328219379581,-0.5612539128985613,-0.9166666666666667,1,0,0,0,0,-0.788287141710248,1,False,True,False
3710000,-0.7048591777708606,0.0775579693162778,-0.5612539128985613,-0.9166666666666667,1,0,0,0,0,0.39862247506938686,0,False,False,True
3710000,-0.49265662258962023,-1.2926328219379581,-0.5612539128985613,-0.9166666666666667,1,0,0,0,0,-0.788287141710248,0,False,True,False
3710000,0.4622548757259613,0.0775579693162778,-0.5612539128985613,-0.9166666666666667,1,0,0,0,0,-0.788287141710248,0,False,True,False
3710000,-0.48783383724459206,-1.2926328219379581,-0.5612539128985613,-0.9166666666666667,1,0,0,0,0,-0.788287141710248,0,True,False,False
3710000,-0.7125756343229057,-1.2926328219379581,-0.5612539128985613,-0.9166666666666667,1,0,0,1,0,-0.788287141710248,0,False,True,False
3703000,-0.9363528743322137,0.0775579693162778,-0.5612539128985613,0.24561403508771923,0,0,1,1,0,-0.788287141710248,0,False,True,False
3703000,0.18735611105935449,-1.2926328219379581,-0.5612539128985613,-0.9166666666666667,1,0,0,0,0,-0.788287141710248,0,True,False,False
3675000,-0.690390821735776,-1.2926328219379581,-0.5612539128985613,-0.9166666666666667,1,0,1,0,0,-0.788287141710248,0,True,False,False
3675000,-0.690390821735776,-1.2926328219379581,-0.5612539128985613,-0.9166666666666667,1,0,0,0,1,-0.788287141710248,0,False,False,True
3675000,0.2789890326148901,-1.2926328219379581,-0.5612539128985613,-0.9166666666666667,0,0,0,0,0,-0.788287141710248,0,False,True,False
3675000,-0.7048591777708606,-1.2926328219379581,-0.5612539128985613,-0.9166666666666667,1,0,0,0,0,-0.788287141710248,0,True,False,False
3640000,-0.3769097743089437,-1.2926328219379581,-0.5612539128985613,-0.9166666666666667,1,0,0,0,1,1.5855320918490219,0,False,True,False
3640000,-0.7193275338059452,0.0775579693162778,-0.5612539128985613,0.24561403508771923,1,0,1,0,0,-0.788287141710248,0,False,True,False
3640000,-0.9074161622620446,0.0775579693162778,-0.5612539128985613,0.24561403508771923,0,0,1,0,0,-0.788287141710248,0,False,True,False
3640000,-0.994226298472552,-1.2926328219379581,-0.5612539128985613,0.24561403508771923,1,0,0,0,1,-0.788287141710248,0,True,False,False
3640000,-0.7434414605310862,-1.2926328219379581,1.5942864772191023,-0.9166666666666667,1,0,1,0,0,-0.788287141710248,0,False,True,False
3640000,0.4333181636557922,0.0775579693162778,-0.5612539128985613,0.24561403508771923,1,1,1,0,0,-0.788287141710248,0,False,False,True
3640000,-0.44925155448436654,0.0775579693162778,1.5942864772191023,0.24561403508771923,1,0,0,0,0,1.5855320918490219,0,False,True,False
3640000,-1.0665680786479748,0.0775579693162778,1.5942864772191023,0.24561403508771923,0,0,1,0,0,-0.788287141710248,1,False,False,True
3640000,-1.3438782359870958,0.0775579693162778,-0.5612539128985613,1.407894736842105,1,0,0,1,1,-0.788287141710248,1,False,True,False
3633000,-0.7434414605310862,0.0775579693162778,-0.5612539128985613,-0.9166666666666667,1,0,0,0,0,1.5855320918490219,1,False,False,True
3605000,-0.2708084967183235,-1.2926328219379581,-0.5612539128985613,-0.9166666666666667,1,0,0,0,0,-0.788287141710248,0,False,True,False
3605000,-0.511947763969733,-1.2926328219379581,-0.5612539128985613,-0.9166666666666667,1,0,0,0,0,-0.788287141710248,1,False,True,False
3570000,-0.9218845182971291,0.0775579693162778,-0.5612539128985613,0.24561403508771923,1,0,1,0,0,-0.788287141710248,0,True,False,False
3570000,-0.2708084967183235,1.4477487605705137,1.5942864772191023,0.24561403508771923,1,0,1,0,0,1.5855320918490219,0,True,False,False
3570000,-0.2708084967183235,-1.2926328219379581,-0.5612539128985613,-0.9166666666666667,0,0,0,0,0,-0.788287141710248,0,True,False,False
3570000,-0.6855680363907478,-1.2926328219379581,-0.5612539128985613,-0.9166666666666667,1,0,0,0,0,-0.788287141710248,0,False,False,True
3535000,-0.5842895441451559,0.0775579693162778,-0.5612539128985613,-0.9166666666666667,1,0,0,0,0,1.5855320918490219,0,False,False,True
3500000,-0.39620091568905647,0.0775579693162778,-0.5612539128985613,0.24561403508771923,1,0,0,0,1,-0.788287141710248,0,False,True,False
3500000,-0.6807452510457197,0.0775579693162778,-0.5612539128985613,0.24561403508771923,1,0,0,0,0,-0.788287141710248,0,False,False,True
3500000,-0.22258064326804164,1.4477487605705137,-0.5612539128985613,0.24561403508771923,1,0,0,0,0,-0.788287141710248,0,False,True,False
3500000,-1.4113972308174905,0.0775579693162778,1.5942864772191023,0.24561403508771923,0,0,0,0,0,-0.788287141710248,0,False,False,True
3500000,-0.9768642712304505,0.0775579693162778,-0.5612539128985613,0.24561403508771923,1,0,1,0,0,-0.788287141710248,0,False,True,False
3500000,-0.5167705493147612,0.0775579693162778,-0.5612539128985613,0.24561403508771923,1,0,0,0,0,-0.788287141710248,0,False,True,False
3500000,1.139373938167919,0.0775579693162778,-0.5612539128985613,-0.9166666666666667,0,0,0,0,0,-0.788287141710248,0,False,False,True
3500000,-0.7627326019111988,0.0775579693162778,-0.5612539128985613,-0.9166666666666667,0,0,0,0,1,-0.788287141710248,0,False,False,True
3500000,-0.7048591777708606,4.188130343078986,-0.5612539128985613,0.24561403508771923,1,0,0,0,0,0.39862247506938686,0,False,False,True
3500000,-0.6855680363907478,-1.2926328219379581,-0.5612539128985613,-0.9166666666666667,1,0,0,0,0,0.39862247506938686,0,False,True,False
3500000,0.40438145158562305,-1.2926328219379581,-0.5612539128985613,-0.9166666666666667,1,0,0,0,0,0.39862247506938686,0,True,False,False
3500000,-0.9363528743322137,0.0775579693162778,-0.5612539128985613,0.24561403508771923,1,0,0,0,0,0.39862247506938686,0,False,False,True
3500000,1.1036853266147106,-1.2926328219379581,-0.5612539128985613,-0.9166666666666667,1,0,0,0,0,0.39862247506938686,0,False,True,False
3500000,-0.7472996888071086,-1.2926328219379581,-0.5612539128985613,-0.9166666666666667,1,0,0,0,0,0.39862247506938686,1,False,False,True
3500000,2.1405841757957713,0.0775579693162778,-0.5612539128985613,0.24561403508771923,1,0,0,0,0,2.772441708628657,1,False,False,True
3500000,0.39473588089556666,-1.2926328219379581,-0.5612539128985613,-0.9166666666666667,1,0,0,0,0,-0.788287141710248,0,False,False,True
3500000,3.80155144862348,0.0775579693162778,-0.5612539128985613,-0.9166666666666667,1,0,0,0,0,-0.788287141710248,0,False,False,True
3493000,-0.07789708291719594,0.0775579693162778,-0.5612539128985613,0.24561403508771923,0,0,0,0,0,-0.788287141710248,0,False,False,True
3465000,-0.9652895864023828,0.0775579693162778,-0.5612539128985613,-0.9166666666666667,1,0,0,0,0,-0.788287141710248,0,False,False,True
3465000,0.12465990157398803,-1.2926328219379581,-0.5612539128985613,-0.9166666666666667,1,0,0,0,0,0.39862247506938686,1,False,False,True
3465000,-1.4065744454724622,0.0775579693162778,-0.5612539128985613,1.407894736842105,1,0,0,0,0,-0.788287141710248,1,True,False,False
3430000,-0.511947763969733,-1.2926328219379581,-0.5612539128985613,-0.9166666666666667,1,0,0,0,0,-0.788287141710248,0,False,False,True
3430000,-0.9050047695895305,-1.2926328219379581,-0.5612539128985613,-0.9166666666666667,1,0,0,0,0,1.5855320918490219,0,False,False,True
3430000,-0.5842895441451559,0.0775579693162778,-0.5612539128985613,-0.9166666666666667,1,0,0,0,0,-0.788287141710248,0,False,False,True
3430000,-1.4065744454724622,0.0775579693162778,-0.5612539128985613,1.407894736842105,1,0,0,0,0,-0.788287141710248,1,True,False,False
3430000,-1.1823149269286515,0.0775579693162778,-0.5612539128985613,0.24561403508771923,1,0,1,0,0,-0.788287141710248,1,False,False,True
3430000,-1.5006187597005118,0.0775579693162778,1.5942864772191023,0.24561403508771923,1,0,1,0,0,-0.788287141710248,1,False,False,True
3423000,-0.49265662258962023,-1.2926328219379581,-0.5612539128985613,-0.9166666666666667,1,0,0,0,0,-0.788287141710248,0,False,False,True
3395000,-0.13335911438502013,0.0775579693162778,-0.5612539128985613,0.24561403508771923,1,1,1,0,1,0.39862247506938686,0,True,False,False
3395000,-0.7772009579462834,0.0775579693162778,-0.5612539128985613,-0.9166666666666667,1,0,1,0,0,1.5855320918490219,0,False,False,True
3395000,-0.6855680363907478,-1.2926328219379581,-0.5612539128985613,-0.9166666666666667,1,0,0,0,0,-0.788287141710248,0,True,False,False
3360000,-0.7530870312211425,1.4477487605705137,-0.5612539128985613,0.24561403508771923,1,0,0,0,1,1.5855320918490219,0,False,False,True
3360000,-0.048960370847026806,1.4477487605705137,-0.5612539128985613,1.407894736842105,0,0,0,0,0,-0.788287141710248,0,False,True,False
3360000,-0.4540743398293947,-1.2926328219379581,-0.5612539128985613,0.24561403508771923,1,0,0,0,0,-0.788287141710248,0,False,False,True
3360000,-0.15023886309261877,-1.2926328219379581,-0.5612539128985613,-0.9166666666666667,1,0,0,0,0,-0.788287141710248,0,False,False,True
3360000,-0.6469857536305224,-1.2926328219379581,-0.5612539128985613,-0.9166666666666667,0,0,0,0,1,-0.788287141710248,0,False,False,True
3360000,-0.6325173975954378,0.0775579693162778,-0.5612539128985613,-0.9166666666666667,1,0,0,0,0,-0.788287141710248,0,False,False,True
3360000,-0.94599844502227,0.0775579693162778,-0.5612539128985613,0.24561403508771923,0,0,1,0,0,-0.788287141710248,0,False,True,False
3360000,-0.9050047695895305,-1.2926328219379581,-0.5612539128985613,-0.9166666666666667,1,0,1,0,0,1.5855320918490219,0,True,False,False
3353000,-1.1389098588233977,0.0775579693162778,-0.5612539128985613,-0.9166666666666667,0,0,0,0,0,-0.788287141710248,0,True,False,False
3332000,-1.4065744454724622,0.0775579693162778,-0.5612539128985613,0.24561403508771923,1,0,1,0,0,-0.788287141710248,1,True,False,False
3325000,-0.49265662258962023,-1.2926328219379581,-0.5612539128985613,-0.9166666666666667,1,0,0,0,0,0.39862247506938686,0,False,False,True
3325000,-0.13818189973004832,1.4477487605705137,-0.5612539128985613,0.24561403508771923,1,0,0,0,0,-0.788287141710248,0,False,False,True
3290000,-1.2353655657239615,-1.2926328219379581,-0.5612539128985613,-0.9166666666666667,0,0,0,0,1,-0.788287141710248,0,False,False,True
3290000,-0.9074161622620446,1.4477487605705137,-0.5612539128985613,0.24561403508771923,1,0,1,0,1,-0.788287141710248,0,False,False,True
3290000,0.4815460171060741,0.0775579693162778,-0.5612539128985613,-0.9166666666666667,1,1,1,0,0,-0.788287141710248,0,True,False,False
3290000,-0.7627326019111988,1.4477487605705137,-0.5612539128985613,0.24561403508771923,0,0,0,0,0,0.39862247506938686,0,False,True,False
3290000,-0.6122616991463193,1.4477487605705137,-0.5612539128985613,0.24561403508771923,1,0,0,0,0,-0.788287141710248,0,False,True,False
3290000,-0.49265662258962023,-1.2926328219379581,-0.5612539128985613,-0.9166666666666667,1,0,0,0,0,-0.788287141710248,0,False,False,True
3290000,-1.4065744454724622,0.0775579693162778,-0.5612539128985613,0.24561403508771923,1,0,1,0,0,-0.788287141710248,1,True,False,False
3290000,0.39473588089556666,0.0775579693162778,-0.5612539128985613,-0.9166666666666667,1,0,0,0,0,0.39862247506938686,0,False,False,True
3255000,-0.2708084967183235,-1.2926328219379581,-0.5612539128985613,-0.9166666666666667,0,0,0,0,0,-0.788287141710248,0,False,True,False
3255000,-0.5457072613849303,-1.2926328219379581,-0.5612539128985613,-0.9166666666666667,0,0,0,0,0,-0.788287141710248,0,False,False,True
3234000,-0.6855680363907478,1.4477487605705137,-0.5612539128985613,0.24561403508771923,1,0,1,0,0,-0.788287141710248,0,False,False,True
3220000,-0.33350470620369,0.0775579693162778,-0.5612539128985613,0.24561403508771923,1,0,0,0,0,-0.788287141710248,0,False,False,True
3220000,-1.1466263153754428,-1.2926328219379581,-0.5612539128985613,-0.9166666666666667,1,0,0,0,1,0.39862247506938686,0,False,False,True
3220000,-0.35761863292883095,0.0775579693162778,-0.5612539128985613,-0.9166666666666667,0,0,0,0,0,0.39862247506938686,0,False,False,True
3220000,-0.9363528743322137,0.0775579693162778,-0.5612539128985613,0.24561403508771923,0,0,0,0,0,-0.788287141710248,0,True,False,False
3150000,-0.7772009579462834,-2.6628236131921943,-0.5612539128985613,-0.9166666666666667,1,0,0,0,0,-0.788287141710248,0,True,False,False
3150000,-0.5186996634527725,-1.2926328219379581,1.5942864772191023,-0.9166666666666667,0,1,1,0,0,0.39862247506938686,0,False,False,True
3150000,-0.7530870312211425,-1.2926328219379581,-0.5612539128985613,-0.9166666666666667,0,0,1,0,0,-0.788287141710248,0,False,True,False
3150000,-0.4661313031919652,-1.2926328219379581,-0.5612539128985613,-0.9166666666666667,1,0,0,0,0,1.5855320918490219,0,False,True,False
3150000,-1.6453023200513577,0.0775579693162778,-0.5612539128985613,0.24561403508771923,0,0,1,0,0,-0.788287141710248,0,False,False,True
3150000,-0.7772009579462834,0.0775579693162778,-0.5612539128985613,0.24561403508771923,1,0,1,0,0,-0.788287141710248,0,False,True,False
3150000,0.8143182059130192,-1.2926328219379581,-0.5612539128985613,-0.9166666666666667,1,0,0,0,0,-0.788287141710248,0,False,True,False
3150000,1.8994449085443619,0.0775579693162778,-0.5612539128985613,0.24561403508771923,1,0,0,0,0,1.5855320918490219,0,False,True,False
3150000,-0.9609490795918575,-1.2926328219379581,-0.5612539128985613,-0.9166666666666667,1,0,0,0,0,0.39862247506938686,0,False,False,True
3143000,-0.2708084967183235,0.0775579693162778,-0.5612539128985613,0.24561403508771923,1,0,0,0,1,-0.788287141710248,0,False,False,True
3129000,0.20905864511198136,0.0775579693162778,-0.5612539128985613,-0.9166666666666667,1,0,1,0,0,-0.788287141710248,0,False,False,True
3118850,-1.284557976243249,0.0775579693162778,-0.5612539128985613,-0.9166666666666667,1,0,0,0,0,-0.788287141710248,1,False,True,False
3115000,-0.994226298472552,0.0775579693162778,-0.5612539128985613,-0.9166666666666667,0,0,0,0,1,-0.788287141710248,0,False,False,True
3115000,-0.5842895441451559,0.0775579693162778,-0.5612539128985613,0.24561403508771923,1,0,0,0,0,-0.788287141710248,0,False,False,True
3115000,-0.7530870312211425,-1.2926328219379581,-0.5612539128985613,-0.9166666666666667,1,0,0,0,0,-0.788287141710248,0,False,False,True
3087000,1.4653942274918248,-1.2926328219379581,-0.5612539128985613,-0.9166666666666667,1,0,0,0,0,0.39862247506938686,0,False,False,True
3080000,-0.048960370847026806,-1.2926328219379581,-0.5612539128985613,-0.9166666666666667,1,0,1,0,1,-0.788287141710248,0,False,False,True
3080000,-1.39934026745492,0.0775579693162778,-0.5612539128985613,0.24561403508771923,0,0,1,0,0,-0.788287141710248,0,False,True,False
3080000,-0.9508212303672983,-1.2926328219379581,-0.5612539128985613,-0.9166666666666667,1,1,1,0,0,-0.788287141710248,0,False,False,True
3080000,-0.2708084967183235,-1.2926328219379581,-0.5612539128985613,0.24561403508771923,1,0,0,1,0,0.39862247506938686,0,False,True,False
3045000,-0.6084034708702968,-1.2926328219379581,-0.5612539128985613,-0.9166666666666667,1,0,0,0,0,-0.788287141710248,0,False,False,True
3010000,-0.9508212303672983,0.0775579693162778,-0.5612539128985613,0.24561403508771923,0,0,0,0,0,-0.788287141710248,0,False,True,False
3010000,-0.8784794501918755,0.0775579693162778,-0.5612539128985613,0.24561403508771923,1,0,0,0,0,1.5855320918490219,0,False,True,False
3010000,-1.0738022566655172,-1.2926328219379581,-0.5612539128985613,-0.9166666666666667,1,0,0,0,0,-0.788287141710248,0,False,True,False
3010000,-0.22258064326804164,-1.2926328219379581,-0.5612539128985613,-0.9166666666666667,1,0,0,0,0,-0.788287141710248,0,True,False,False
3010000,0.006983939155300198,0.0775579693162778,-0.5612539128985613,-0.9166666666666667,0,0,0,0,0,-0.788287141710248,0,False,False,True
3010000,-0.6325173975954378,0.0775579693162778,-0.5612539128985613,0.24561403508771923,1,0,0,0,0,-0.788287141710248,0,False,False,True
3010000,-0.690390821735776,1.4477487605705137,-0.5612539128985613,0.24561403508771923,1,0,0,0,0,2.772441708628657,0,False,True,False
3003000,1.441280300766684,-1.2926328219379581,-0.5612539128985613,-0.9166666666666667,1,0,0,0,0,-0.788287141710248,0,False,False,True
2975000,-0.3421857198247407,1.4477487605705137,-0.5612539128985613,0.24561403508771923,0,0,0,0,0,0.39862247506938686,0,False,False,True
2961000,-0.994226298472552,-1.2926328219379581,-0.5612539128985613,0.24561403508771923,1,0,0,0,0,-0.788287141710248,0,False,True,False
2940000,0.3802675248604821,0.0775579693162778,-0.5612539128985613,0.24561403508771923,1,0,1,0,0,0.39862247506938686,0,False,False,True
2940000,-0.048960370847026806,-1.2926328219379581,-0.5612539128985613,-0.9166666666666667,1,0,0,0,0,-0.788287141710248,0,False,False,True
2940000,-0.7048591777708606,0.0775579693162778,-0.5612539128985613,0.24561403508771923,0,0,0,0,0,0.39862247506938686,0,False,False,True
2940000,-0.6759224657006915,1.4477487605705137,-0.5612539128985613,0.24561403508771923,0,0,0,0,0,-0.788287141710248,0,False,False,True
2940000,-0.7627326019111988,0.0775579693162778,-0.5612539128985613,0.24561403508771923,0,0,0,0,0,0.39862247506938686,0,False,True,False
2940000,-1.1389098588233977,-1.2926328219379581,-0.5612539128985613,-0.9166666666666667,0,0,0,0,0,-0.788287141710248,0,True,False,False
2940000,-0.9218845182971291,0.0775579693162778,-0.5612539128985613,0.24561403508771923,0,0,0,0,0,-0.788287141710248,0,False,False,True
2940000,0.7492106037551386,0.0775579693162778,-0.5612539128985613,0.24561403508771923,1,0,0,0,0,-0.788287141710248,0,False,True,False
2870000,-0.9749351570924393,-1.2926328219379581,-0.5612539128985613,-0.9166666666666667,0,0,0,0,0,-0.788287141710248,0,False,False,True
2870000,-0.690390821735776,-1.2926328219379581,-0.5612539128985613,-0.9166666666666667,1,0,0,0,0,-0.788287141710248,0,False,False,True
2870000,0.4526093050359049,-1.2926328219379581,-0.5612539128985613,-0.9166666666666667,1,0,0,0,0,-0.788287141710248,0,False,True,False
2870000,0.16324218433421356,1.4477487605705137,-0.5612539128985613,0.24561403508771923,1,0,0,0,0,-0.788287141710248,0,False,False,True
2852500,0.06678647743364975,1.4477487605705137,-0.5612539128985613,1.407894736842105,1,0,0,0,0,-0.788287141710248,0,False,False,True
2835000,-0.8495427381217063,0.0775579693162778,-0.5612539128985613,0.24561403508771923,0,0,0,0,0,0.39862247506938686,0,False,True,False
2835000,-0.3431502768937464,0.0775579693162778,-0.5612539128985613,0.24561403508771923,0,0,0,1,0,0.39862247506938686,0,False,False,True
2835000,-1.1678465708935668,-1.2926328219379581,-0.5612539128985613,-0.9166666666666667,0,0,0,0,0,0.39862247506938686,0,True,False,False
2800000,-1.1630237855485386,0.0775579693162778,-0.5612539128985613,0.24561403508771923,1,0,1,0,0,0.39862247506938686,0,False,False,True
2800000,-0.5312389053498457,0.0775579693162778,-0.5612539128985613,-0.9166666666666667,1,0,0,0,0,-0.788287141710248,0,True,False,False
2730000,0.8384321326381601,-1.2926328219379581,-0.5612539128985613,-0.9166666666666667,1,0,0,0,0,-0.788287141710248,0,False,False,True
2730000,-0.511947763969733,0.0775579693162778,-0.5612539128985613,0.24561403508771923,1,0,0,0,0,0.39862247506938686,0,False,False,True
2695000,-0.511947763969733,-1.2926328219379581,-0.5612539128985613,-0.9166666666666667,1,0,0,0,0,-0.788287141710248,0,False,False,True
2660000,-0.5437781472469191,-1.2926328219379581,-0.5612539128985613,-0.9166666666666667,1,0,0,0,0,-0.788287141710248,0,False,False,True
2660000,-1.476504832975371,-1.2926328219379581,-0.5612539128985613,0.24561403508771923,1,0,0,0,0,-0.788287141710248,0,False,True,False
2660000,-0.690390821735776,0.0775579693162778,3.749826867336766,0.24561403508771923,0,1,0,0,0,-0.788287141710248,0,False,False,True
2660000,-1.0906820053731159,0.0775579693162778,-0.5612539128985613,-0.9166666666666667,1,0,0,0,0,-0.788287141710248,0,False,False,True
2660000,-1.2691250631391588,0.0775579693162778,-0.5612539128985613,-0.9166666666666667,0,0,0,0,0,-0.788287141710248,0,False,False,True
2660000,-0.7627326019111988,-1.2926328219379581,-0.5612539128985613,-0.9166666666666667,1,0,0,0,0,0.39862247506938686,0,False,True,False
2660000,-0.511947763969733,0.0775579693162778,-0.5612539128985613,-0.9166666666666667,1,0,0,0,0,-0.788287141710248,0,False,True,False
2653000,-0.9050047695895305,-1.2926328219379581,-0.5612539128985613,-0.9166666666666667,1,0,0,0,1,-0.788287141710248,0,False,False,True
2653000,-0.511947763969733,0.0775579693162778,-0.5612539128985613,0.24561403508771923,1,0,0,0,1,-0.788287141710248,0,False,False,True
2604000,-1.0376313665778056,-1.2926328219379581,-0.5612539128985613,-0.9166666666666667,0,0,0,0,0,-0.788287141710248,0,False,False,True
2590000,-0.7048591777708606,-1.2926328219379581,-0.5612539128985613,-0.9166666666666667,1,0,0,0,0,-0.788287141710248,0,False,False,True
2590000,-0.31903635016860543,-1.2926328219379581,-0.5612539128985613,-0.9166666666666667,1,0,0,0,0,-0.788287141710248,0,False,False,True
2590000,-0.7048591777708606,-1.2926328219379581,1.5942864772191023,0.24561403508771923,1,0,1,0,0,0.39862247506938686,0,True,False,False
2520000,-1.0520997226128903,0.0775579693162778,-0.5612539128985613,-0.9166666666666667,0,0,0,0,0,-0.788287141710248,0,False,False,True
2520000,-0.9074161622620446,0.0775579693162778,-0.5612539128985613,-0.9166666666666667,0,0,0,0,0,-0.788287141710248,0,False,False,True
2520000,-0.994226298472552,-1.2926328219379581,-0.5612539128985613,0.24561403508771923,1,0,0,0,0,-0.788287141710248,0,True,False,False
2485000,-0.31903635016860543,0.0775579693162778,-0.5612539128985613,0.24561403508771923,1,0,0,0,0,-0.788287141710248,0,False,False,True
2485000,-0.994226298472552,0.0775579693162778,-0.5612539128985613,0.24561403508771923,0,0,0,0,0,-0.788287141710248,0,False,True,False
2450000,-0.89294780622696,0.0775579693162778,-0.5612539128985613,0.24561403508771923,1,0,1,0,0,-0.788287141710248,0,False,False,True
2450000,-0.8784794501918755,-1.2926328219379581,-0.5612539128985613,-0.9166666666666667,0,1,0,0,0,0.39862247506938686,0,False,False,True
2450000,-0.994226298472552,-1.2926328219379581,-0.5612539128985613,-0.9166666666666667,1,0,0,0,0,0.39862247506938686,0,False,False,True
2450000,-0.7530870312211425,-1.2926328219379581,-0.5612539128985613,-0.9166666666666667,1,1,0,0,0,-0.788287141710248,0,False,False,True
2450000,-0.10683379498736507,-1.2926328219379581,-0.5612539128985613,0.24561403508771923,1,0,0,0,0,-0.788287141710248,0,False,False,True
2450000,1.2724828136906972,-1.2926328219379581,-0.5612539128985613,-0.9166666666666667,1,0,0,0,0,-0.788287141710248,0,False,False,True
2408000,-0.6879794290632619,-1.2926328219379581,-0.5612539128985613,-0.9166666666666667,0,0,0,0,0,-0.788287141710248,0,False,False,True
2380000,-1.247422529086532,0.0775579693162778,-0.5612539128985613,0.24561403508771923,1,0,0,0,0,-0.788287141710248,0,True,False,False
2380000,-1.0969516263216523,1.4477487605705137,1.5942864772191023,0.24561403508771923,1,0,0,0,0,-0.788287141710248,0,True,False,False
2380000,-0.8669047653638078,-1.2926328219379581,-0.5612539128985613,-0.9166666666666667,1,0,0,0,0,-0.788287141710248,0,False,False,True
2345000,-0.6855680363907478,-1.2926328219379581,-0.5612539128985613,-0.9166666666666667,1,0,0,0,0,-0.788287141710248,0,False,False,True
2310000,-0.9074161622620446,-1.2926328219379581,-0.5612539128985613,-0.9166666666666667,1,0,0,0,0,-0.788287141710248,0,False,False,True
2275000,-1.5555985126338332,-1.2926328219379581,-0.5612539128985613,-0.9166666666666667,0,0,1,0,0,-0.788287141710248,0,False,True,False
2275000,-0.5264161200048176,-2.6628236131921943,-0.5612539128985613,-0.9166666666666667,0,0,0,0,0,-0.788287141710248,0,False,False,True
2275000,-0.5264161200048176,0.0775579693162778,-0.5612539128985613,0.24561403508771923,1,0,1,0,0,-0.788287141710248,0,False,False,True
2240000,-1.5006187597005118,0.0775579693162778,-0.5612539128985613,-0.9166666666666667,0,0,0,1,0,-0.788287141710248,0,False,False,True
2233000,0.11501433088393165,0.0775579693162778,-0.5612539128985613,-0.9166666666666667,0,0,0,0,1,-0.788287141710248,1,False,False,True
2135000,-0.994226298472552,-1.2926328219379581,-0.5612539128985613,-0.9166666666666667,0,0,0,0,0,-0.788287141710248,0,False,False,True
2100000,-1.2835934191742433,0.0775579693162778,-0.5612539128985613,0.24561403508771923,1,0,0,0,0,-0.788287141710248,0,False,False,True
2100000,-0.994226298472552,1.4477487605705137,-0.5612539128985613,0.24561403508771923,1,0,0,0,0,-0.788287141710248,0,False,False,True
2100000,-0.8206060260515372,-1.2926328219379581,-0.5612539128985613,-0.9166666666666667,1,0,0,0,0,0.39862247506938686,0,False,False,True
1960000,-0.791669313981368,2.81793955182475,-0.5612539128985613,0.24561403508771923,0,0,0,0,0,-0.788287141710248,0,False,False,True
1890000,-1.6211883933262166,0.0775579693162778,-0.5612539128985613,0.24561403508771923,1,0,0,0,0,-0.788287141710248,0,False,False,True
1890000,-0.6812275295802225,-1.2926328219379581,-0.5612539128985613,-0.9166666666666667,1,0,0,0,0,-0.788287141710248,0,False,False,True
1855000,-0.9990490838175802,-1.2926328219379581,-0.5612539128985613,-0.9166666666666667,0,0,0,0,0,0.39862247506938686,0,False,False,True
1820000,-0.994226298472552,-1.2926328219379581,-0.5612539128985613,-0.9166666666666667,1,0,1,0,0,1.5855320918490219,0,False,False,True
1767150,-1.2835934191742433,0.0775579693162778,-0.5612539128985613,-0.9166666666666667,0,0,0,0,0,-0.788287141710248,0,False,True,False
1750000,-0.6952136070808043,-1.2926328219379581,-0.5612539128985613,-0.9166666666666667,1,0,0,0,0,-0.788287141710248,0,False,False,True
1750000,-1.0376313665778056,0.0775579693162778,-0.5612539128985613,-0.9166666666666667,0,0,0,0,0,-0.788287141710248,0,True,False,False
1750000,-0.5842895441451559,0.0775579693162778,-0.5612539128985613,0.24561403508771923,1,0,0,0,0,-0.788287141710248,0,False,False,True
